Org1;Org2;nbLinkTmp;Org
3999;UNIVERSITE LIBRE DE BRUXELLES;UNIVERSITY OF CYPRUS;1;UNIVERSITE LIBRE DE BRUXELLES
7745;UNIVERSITE LIBRE DE BRUXELLES;UNIVERSITE PIERRE ET MARIE CURIE - PARIS 6;1;UNIVERSITE LIBRE DE BRUXELLES
8385;UNIVERSITE LIBRE DE BRUXELLES;UNIVERSITY OF LEICESTER;1;UNIVERSITE LIBRE DE BRUXELLES
16876;UNIVERSITE LIBRE DE BRUXELLES;UNIVERSITEIT GENT;1;UNIVERSITE LIBRE DE BRUXELLES
21804;UNIVERSITE LIBRE DE BRUXELLES;UNIVERSITEIT MAASTRICHT;1;UNIVERSITE LIBRE DE BRUXELLES
24758;UNIVERSITE LIBRE DE BRUXELLES;UNIVERSITY OF BRISTOL;2;UNIVERSITE LIBRE DE BRUXELLES
25197;UNIVERSITE LIBRE DE BRUXELLES;UNIVERSITY OF SOUTHAMPTON;1;UNIVERSITE LIBRE DE BRUXELLES
26708;UNIVERSITE LIBRE DE BRUXELLES;UNIVERSITY OF STRATHCLYDE;1;UNIVERSITE LIBRE DE BRUXELLES
29601;UNIVERSITE LIBRE DE BRUXELLES;UNIVERSITY OF PATRAS;1;UNIVERSITE LIBRE DE BRUXELLES
31515;UNIVERSITE LIBRE DE BRUXELLES;UNIWERSYTET JAGIELLONSKI;1;UNIVERSITE LIBRE DE BRUXELLES
35588;UNIVERSITE LIBRE DE BRUXELLES;UNIVERSITY COLLEGE DUBLIN, NATIONAL UNIVERSITY OF IRELAND, DUBLIN;3;UNIVERSITE LIBRE DE BRUXELLES
42974;UNIVERSITE LIBRE DE BRUXELLES;UNIVERSITY COLLEGE LONDON;1;UNIVERSITE LIBRE DE BRUXELLES
49627;UNIVERSITE LIBRE DE BRUXELLES;UNIWERSYTET WARSZAWSKI;3;UNIVERSITE LIBRE DE BRUXELLES
50811;UNIVERSITE LIBRE DE BRUXELLES;UNIVERSITEIT TWENTE;1;UNIVERSITE LIBRE DE BRUXELLES
52136;UNIVERSITE LIBRE DE BRUXELLES;UNIVERSITY OF SURREY;1;UNIVERSITE LIBRE DE BRUXELLES
56952;UNIVERSITE LIBRE DE BRUXELLES;UNIVERSITETET I OSLO;1;UNIVERSITE LIBRE DE BRUXELLES
58156;UNIVERSITE LIBRE DE BRUXELLES;UNIVERSITEIT VAN AMSTERDAM;1;UNIVERSITE LIBRE DE BRUXELLES
61419;UNIVERSITE LIBRE DE BRUXELLES;UNIVERSITY OF CAPE TOWN;1;UNIVERSITE LIBRE DE BRUXELLES
63495;UNIVERSITE LIBRE DE BRUXELLES;UNIVERZITETNI KLINICNI CENTER LJUBLJANA;1;UNIVERSITE LIBRE DE BRUXELLES
63656;UNIVERSITE LIBRE DE BRUXELLES;UPPSALA UNIVERSITET;2;UNIVERSITE LIBRE DE BRUXELLES
65548;UNIVERSITE LIBRE DE BRUXELLES;UNIVERSITY OF YORK;2;UNIVERSITE LIBRE DE BRUXELLES
67504;UNIVERSITE LIBRE DE BRUXELLES;WINZSOFT (ISRAEL) LTD;1;UNIVERSITE LIBRE DE BRUXELLES
75459;UNIVERSITE LIBRE DE BRUXELLES;VRIJE UNIVERSITEIT BRUSSEL;1;UNIVERSITE LIBRE DE BRUXELLES
82762;UNIVERSITE LIBRE DE BRUXELLES;VLTN GCV;1;UNIVERSITE LIBRE DE BRUXELLES
85332;UNIVERSITE LIBRE DE BRUXELLES;UNIVERSITY OF BATH;1;UNIVERSITE LIBRE DE BRUXELLES
103343;UNIVERSITE LIBRE DE BRUXELLES;USTAV FYZIKALNI CHEMIE J. HEYROVSKEHO AV CR, v. v. i.;1;UNIVERSITE LIBRE DE BRUXELLES
111016;UNIVERSITE LIBRE DE BRUXELLES;ZENTRUM FUER EUROPAEISCHE WIRTSCHAFTSFORSCHUNG GmbH;1;UNIVERSITE LIBRE DE BRUXELLES
134782;UNIVERSITE LIBRE DE BRUXELLES;WIENER INSTITUT FUR INTERNTIONALE WIRTSCHAFTSVERGLEICHE;1;UNIVERSITE LIBRE DE BRUXELLES
172309;UNIVERSITE LIBRE DE BRUXELLES;VARTA MICRO INNOVATION GMBH;1;UNIVERSITE LIBRE DE BRUXELLES
181654;UNIVERSITE LIBRE DE BRUXELLES;WAYZ BV;1;UNIVERSITE LIBRE DE BRUXELLES
181690;UNIVERSITE LIBRE DE BRUXELLES;ZANARDO SERVIZI LOGISTICI SPA;1;UNIVERSITE LIBRE DE BRUXELLES
193511;UNIVERSITE LIBRE DE BRUXELLES;UNIVERSITY OF SUNDERLAND;1;UNIVERSITE LIBRE DE BRUXELLES
63117;AGENZIA NAZIONALE PER LE NUOVE TECNOLOGIE, L'ENERGIA E LO SVILUPPO ECONOMICO SOSTENIBILE;UNIVERSITE LIBRE DE BRUXELLES;1;UNIVERSITE LIBRE DE BRUXELLES
63118;CENTRO DE INVESTIGACIONES ENERGETICAS, MEDIOAMBIENTALES Y TECNOLOGICAS-CIEMAT;UNIVERSITE LIBRE DE BRUXELLES;1;UNIVERSITE LIBRE DE BRUXELLES
63119;COMMISSARIAT A L ENERGIE ATOMIQUE ET AUX ENERGIES ALTERNATIVES;UNIVERSITE LIBRE DE BRUXELLES;3;UNIVERSITE LIBRE DE BRUXELLES
63120;DANMARKS TEKNISKE UNIVERSITET;UNIVERSITE LIBRE DE BRUXELLES;1;UNIVERSITE LIBRE DE BRUXELLES
63121;ECOLE POLYTECHNIQUE FEDERALE DE LAUSANNE;UNIVERSITE LIBRE DE BRUXELLES;3;UNIVERSITE LIBRE DE BRUXELLES
63122;FORSCHUNGSZENTRUM JUELICH GMBH;UNIVERSITE LIBRE DE BRUXELLES;1;UNIVERSITE LIBRE DE BRUXELLES
63123;KARLSRUHER INSTITUT FUER TECHNOLOGIE;UNIVERSITE LIBRE DE BRUXELLES;1;UNIVERSITE LIBRE DE BRUXELLES
63124;MAX PLANCK GESELLSCHAFT ZUR FOERDERUNG DER WISSENSCHAFTEN E.V.;UNIVERSITE LIBRE DE BRUXELLES;4;UNIVERSITE LIBRE DE BRUXELLES
63125;NATIONAL CENTER FOR SCIENTIFIC RESEARCH DEMOKRITOS;UNIVERSITE LIBRE DE BRUXELLES;1;UNIVERSITE LIBRE DE BRUXELLES
63126;TARTU ULIKOOL;UNIVERSITE LIBRE DE BRUXELLES;1;UNIVERSITE LIBRE DE BRUXELLES
63127;Teknologian tutkimuskeskus VTT Oy;UNIVERSITE LIBRE DE BRUXELLES;1;UNIVERSITE LIBRE DE BRUXELLES
63128;ARISTOTELIO PANEPISTIMIO THESSALONIKIS;UNIVERSITE LIBRE DE BRUXELLES;1;UNIVERSITE LIBRE DE BRUXELLES
63129;ASSOCIATION POUR LA RECHERCHE ET LE DEVELOPPEMENT DES METHODES ET PROCESSUS INDUSTRIELS - ARMINES;UNIVERSITE LIBRE DE BRUXELLES;1;UNIVERSITE LIBRE DE BRUXELLES
63130;CENTRE EUROPEEN DE RECHERCHE ET DE FORMATION AVANCEE EN CALCUL SCIENTIFIQUE;UNIVERSITE LIBRE DE BRUXELLES;1;UNIVERSITE LIBRE DE BRUXELLES
63131;CENTRE NATIONAL DE LA RECHERCHE SCIENTIFIQUE;UNIVERSITE LIBRE DE BRUXELLES;6;UNIVERSITE LIBRE DE BRUXELLES
63132;DEUTSCHES ZENTRUM FUER LUFT - UND RAUMFAHRT EV;UNIVERSITE LIBRE DE BRUXELLES;1;UNIVERSITE LIBRE DE BRUXELLES
63133;KING'S COLLEGE LONDON;UNIVERSITE LIBRE DE BRUXELLES;1;UNIVERSITE LIBRE DE BRUXELLES
63134;NATIONAL UNIVERSITY OF IRELAND, GALWAY;UNIVERSITE LIBRE DE BRUXELLES;1;UNIVERSITE LIBRE DE BRUXELLES
63135;UNIVERSITAET BREMEN;UNIVERSITE LIBRE DE BRUXELLES;1;UNIVERSITE LIBRE DE BRUXELLES
63136;AGENCIA ESTATAL CONSEJO SUPERIOR DE INVESTIGACIONES CIENTIFICAS;UNIVERSITE LIBRE DE BRUXELLES;2;UNIVERSITE LIBRE DE BRUXELLES
63137;CONSIGLIO NAZIONALE DELLE RICERCHE;UNIVERSITE LIBRE DE BRUXELLES;4;UNIVERSITE LIBRE DE BRUXELLES
63138;LATVIJAS UNIVERSITATE;UNIVERSITE LIBRE DE BRUXELLES;1;UNIVERSITE LIBRE DE BRUXELLES
63139;THE SECRETARY OF STATE FOR ENVIRONMENT, FOOD AND RURAL AFFAIRS;UNIVERSITE LIBRE DE BRUXELLES;1;UNIVERSITE LIBRE DE BRUXELLES
63140;FRAUNHOFER-GESELLSCHAFT ZUR FOERDERUNG DER ANGEWANDTEN FORSCHUNG E.V;UNIVERSITE LIBRE DE BRUXELLES;2;UNIVERSITE LIBRE DE BRUXELLES
63141;ISTITUTO NAZIONALE DI ASTROFISICA;UNIVERSITE LIBRE DE BRUXELLES;1;UNIVERSITE LIBRE DE BRUXELLES
63142;THE OPEN UNIVERSITY;UNIVERSITE LIBRE DE BRUXELLES;2;UNIVERSITE LIBRE DE BRUXELLES
63143;ASTON UNIVERSITY;UNIVERSITE LIBRE DE BRUXELLES;1;UNIVERSITE LIBRE DE BRUXELLES
63144;THE UNIVERSITY OF EDINBURGH;UNIVERSITE LIBRE DE BRUXELLES;1;UNIVERSITE LIBRE DE BRUXELLES
63145;IMPERIAL COLLEGE OF SCIENCE TECHNOLOGY AND MEDICINE;UNIVERSITE LIBRE DE BRUXELLES;1;UNIVERSITE LIBRE DE BRUXELLES
63146;KAROLINSKA INSTITUTET;UNIVERSITE LIBRE DE BRUXELLES;2;UNIVERSITE LIBRE DE BRUXELLES
63147;UNIVERSITA DEGLI STUDI DI MILANO;UNIVERSITE LIBRE DE BRUXELLES;2;UNIVERSITE LIBRE DE BRUXELLES
63148;CARDIFF UNIVERSITY;UNIVERSITE LIBRE DE BRUXELLES;1;UNIVERSITE LIBRE DE BRUXELLES
63149;UNIVERSITAET BERN;UNIVERSITE LIBRE DE BRUXELLES;1;UNIVERSITE LIBRE DE BRUXELLES
63150;UNIVERSITE DE LAUSANNE;UNIVERSITE LIBRE DE BRUXELLES;1;UNIVERSITE LIBRE DE BRUXELLES
63151;ECRIN EUROPEAN CLINICAL RESEARCH INFRASTRUCTURE NETWORK;UNIVERSITE LIBRE DE BRUXELLES;1;UNIVERSITE LIBRE DE BRUXELLES
63152;STICHTING KATHOLIEKE UNIVERSITEIT;UNIVERSITE LIBRE DE BRUXELLES;2;UNIVERSITE LIBRE DE BRUXELLES
63153;UNIVERSITAET ULM;UNIVERSITE LIBRE DE BRUXELLES;3;UNIVERSITE LIBRE DE BRUXELLES
63154;TECHNISCHE UNIVERSITAET WIEN;UNIVERSITE LIBRE DE BRUXELLES;1;UNIVERSITE LIBRE DE BRUXELLES
63155;CONSORCI INSTITUT D'INVESTIGACIONS BIOMEDIQUES AUGUST PI I SUNYER;UNIVERSITE LIBRE DE BRUXELLES;2;UNIVERSITE LIBRE DE BRUXELLES
63156;LUDWIG-MAXIMILIANS-UNIVERSITAET MUENCHEN;UNIVERSITE LIBRE DE BRUXELLES;1;UNIVERSITE LIBRE DE BRUXELLES
63157;THE CHANCELLOR, MASTERS AND SCHOLARS OF THE UNIVERSITY OF OXFORD;UNIVERSITE LIBRE DE BRUXELLES;4;UNIVERSITE LIBRE DE BRUXELLES
63158;THE UNIVERSITY OF BIRMINGHAM;UNIVERSITE LIBRE DE BRUXELLES;1;UNIVERSITE LIBRE DE BRUXELLES
63159;ALMA MATER STUDIORUM - UNIVERSITA DI BOLOGNA;UNIVERSITE LIBRE DE BRUXELLES;1;UNIVERSITE LIBRE DE BRUXELLES
63160;CONTROS SYSTEMS & SOLUTIONS GMBH;UNIVERSITE LIBRE DE BRUXELLES;1;UNIVERSITE LIBRE DE BRUXELLES
63161;FONDATION EUROPEENNE DE LA SCIENCE;UNIVERSITE LIBRE DE BRUXELLES;1;UNIVERSITE LIBRE DE BRUXELLES
63162;THE UNIVERSITY OF EXETER;UNIVERSITE LIBRE DE BRUXELLES;1;UNIVERSITE LIBRE DE BRUXELLES
63163;CENTRE DE RECERCA EN EPIDEMIOLOGIA AMBIENTAL;UNIVERSITE LIBRE DE BRUXELLES;1;UNIVERSITE LIBRE DE BRUXELLES
63164;LANDSPITALI UNIVERSITY HOSPITAL;UNIVERSITE LIBRE DE BRUXELLES;1;UNIVERSITE LIBRE DE BRUXELLES
63165;INSTYTUT CHEMII BIOORGANICZNEJ POLSKIEJ AKADEMII NAUK;UNIVERSITE LIBRE DE BRUXELLES;1;UNIVERSITE LIBRE DE BRUXELLES
63166;POLITECNICO DI TORINO;UNIVERSITE LIBRE DE BRUXELLES;1;UNIVERSITE LIBRE DE BRUXELLES
63167;TECHNION - ISRAEL INSTITUTE OF TECHNOLOGY;UNIVERSITE LIBRE DE BRUXELLES;1;UNIVERSITE LIBRE DE BRUXELLES
63168;THE HEBREW UNIVERSITY OF JERUSALEM;UNIVERSITE LIBRE DE BRUXELLES;1;UNIVERSITE LIBRE DE BRUXELLES
63169;FOUNDATION FOR RESEARCH AND TECHNOLOGY HELLAS;UNIVERSITE LIBRE DE BRUXELLES;1;UNIVERSITE LIBRE DE BRUXELLES
63170;UNIVERSIDAD DE SEVILLA;UNIVERSITE LIBRE DE BRUXELLES;1;UNIVERSITE LIBRE DE BRUXELLES
63171;FONDAZIONE ISTITUTO ITALIANO DI TECNOLOGIA;UNIVERSITE LIBRE DE BRUXELLES;1;UNIVERSITE LIBRE DE BRUXELLES
63172;EUROPEAN ORGANIZATION FOR NUCLEAR RESEARCH;UNIVERSITE LIBRE DE BRUXELLES;1;UNIVERSITE LIBRE DE BRUXELLES
63173;INSTITUTUL NATIONAL DE CERCETARE -DEZVOLTARE PENTRU FIZICA SI INGINERIE NUCLEARA HORIA HULUBEI (IFIN-HH);UNIVERSITE LIBRE DE BRUXELLES;1;UNIVERSITE LIBRE DE BRUXELLES
63174;THE HENRYK NIEWODNICZANSKI INSTITUTE OF NUCLEAR PHYSICS, POLISH ACADEMY OF SCIENCES;UNIVERSITE LIBRE DE BRUXELLES;1;UNIVERSITE LIBRE DE BRUXELLES
63175;UNIVERSITA DEGLI STUDI DI MODENA E REGGIO EMILIA;UNIVERSITE LIBRE DE BRUXELLES;1;UNIVERSITE LIBRE DE BRUXELLES
63176;ISTITUTO NAZIONALE DI FISICA NUCLEARE;UNIVERSITE LIBRE DE BRUXELLES;2;UNIVERSITE LIBRE DE BRUXELLES
63177;QUEEN MARY UNIVERSITY OF LONDON;UNIVERSITE LIBRE DE BRUXELLES;1;UNIVERSITE LIBRE DE BRUXELLES
63178;THE UNIVERSITY OF SHEFFIELD;UNIVERSITE LIBRE DE BRUXELLES;2;UNIVERSITE LIBRE DE BRUXELLES
63179;CHALMERS TEKNISKA HOEGSKOLA AB;UNIVERSITE LIBRE DE BRUXELLES;1;UNIVERSITE LIBRE DE BRUXELLES
63180;ALBERT-LUDWIGS-UNIVERSITAET FREIBURG;UNIVERSITE LIBRE DE BRUXELLES;1;UNIVERSITE LIBRE DE BRUXELLES
63181;KOBENHAVNS UNIVERSITET;UNIVERSITE LIBRE DE BRUXELLES;2;UNIVERSITE LIBRE DE BRUXELLES
63182;UNIVERSIDADE DE SANTIAGO DE COMPOSTELA;UNIVERSITE LIBRE DE BRUXELLES;1;UNIVERSITE LIBRE DE BRUXELLES
63183;PANEPISTIMIO KRITIS;UNIVERSITE LIBRE DE BRUXELLES;1;UNIVERSITE LIBRE DE BRUXELLES
63184;UNIVERSIDADE DO MINHO;UNIVERSITE LIBRE DE BRUXELLES;1;UNIVERSITE LIBRE DE BRUXELLES
63185;CHRISTIAN-ALBRECHTS-UNIVERSITAET  ZU KIEL;UNIVERSITE LIBRE DE BRUXELLES;1;UNIVERSITE LIBRE DE BRUXELLES
63186;IMPERIAL COLLEGE OF SCIENCE, TECHNOLOGY AND MEDICINE;UNIVERSITE LIBRE DE BRUXELLES;3;UNIVERSITE LIBRE DE BRUXELLES
63187;LUNDS UNIVERSITET;UNIVERSITE LIBRE DE BRUXELLES;2;UNIVERSITE LIBRE DE BRUXELLES
63188;LANCASTER UNIVERSITY;UNIVERSITE LIBRE DE BRUXELLES;1;UNIVERSITE LIBRE DE BRUXELLES
63189;EIDGENOESSISCHE TECHNISCHE HOCHSCHULE ZUERICH;UNIVERSITE LIBRE DE BRUXELLES;3;UNIVERSITE LIBRE DE BRUXELLES
63190;ISTITUTO SUPERIORE DI SANITA;UNIVERSITE LIBRE DE BRUXELLES;1;UNIVERSITE LIBRE DE BRUXELLES
63191;KATHOLIEKE UNIVERSITEIT LEUVEN;UNIVERSITE LIBRE DE BRUXELLES;1;UNIVERSITE LIBRE DE BRUXELLES
63192;TERVEYDEN JA HYVINVOINNIN LAITOS;UNIVERSITE LIBRE DE BRUXELLES;1;UNIVERSITE LIBRE DE BRUXELLES
63193;Masarykova univerzita;UNIVERSITE LIBRE DE BRUXELLES;1;UNIVERSITE LIBRE DE BRUXELLES
63194;ERASMUS UNIVERSITAIR MEDISCH CENTRUM ROTTERDAM;UNIVERSITE LIBRE DE BRUXELLES;1;UNIVERSITE LIBRE DE BRUXELLES
63195;REGION HOVEDSTADEN;UNIVERSITE LIBRE DE BRUXELLES;1;UNIVERSITE LIBRE DE BRUXELLES
63196;HOSPICES CANTONAUX CHUV;UNIVERSITE LIBRE DE BRUXELLES;1;UNIVERSITE LIBRE DE BRUXELLES
63197;THE PROVOST, FELLOWS, FOUNDATION SCHOLARS & THE OTHER MEMBERS OF BOARD OF THE COLLEGE OF THE HOLY & UNDIVIDED TRINITY OF QUEEN ELIZABETH NEAR DUBLIN;UNIVERSITE LIBRE DE BRUXELLES;1;UNIVERSITE LIBRE DE BRUXELLES
63198;LONDON SCHOOL OF HYGIENE AND TROPICAL MEDICINE;UNIVERSITE LIBRE DE BRUXELLES;1;UNIVERSITE LIBRE DE BRUXELLES
63199;FUNDACIO CENTRE DE REGULACIO GENOMICA;UNIVERSITE LIBRE DE BRUXELLES;1;UNIVERSITE LIBRE DE BRUXELLES
63200;THE CHANCELLOR, MASTERS AND SCHOLARS OF THE UNIVERSITY OF CAMBRIDGE;UNIVERSITE LIBRE DE BRUXELLES;2;UNIVERSITE LIBRE DE BRUXELLES
63201;STICHTING VU;UNIVERSITE LIBRE DE BRUXELLES;1;UNIVERSITE LIBRE DE BRUXELLES
63202;HORIBA JOBIN YVON S.A.S.;UNIVERSITE LIBRE DE BRUXELLES;1;UNIVERSITE LIBRE DE BRUXELLES
63203;UNIVERSIDAD DE CASTILLA - LA MANCHA;UNIVERSITE LIBRE DE BRUXELLES;1;UNIVERSITE LIBRE DE BRUXELLES
63204;RHEINISCH-WESTFAELISCHE TECHNISCHE HOCHSCHULE AACHEN;UNIVERSITE LIBRE DE BRUXELLES;1;UNIVERSITE LIBRE DE BRUXELLES
63205;UNIVERSITAET ZUERICH;UNIVERSITE LIBRE DE BRUXELLES;2;UNIVERSITE LIBRE DE BRUXELLES
63206;TECHNISCHE UNIVERSITAET DRESDEN;UNIVERSITE LIBRE DE BRUXELLES;2;UNIVERSITE LIBRE DE BRUXELLES
63207;UNIVERSITA DEGLI STUDI DI PADOVA;UNIVERSITE LIBRE DE BRUXELLES;1;UNIVERSITE LIBRE DE BRUXELLES
63208;UNIVERSITAT POLITECNICA DE VALENCIA;UNIVERSITE LIBRE DE BRUXELLES;1;UNIVERSITE LIBRE DE BRUXELLES
63209;ACADEMISCH ZIEKENHUIS LEIDEN - LEIDS UNIVERSITAIR MEDISCH CENTRUM;UNIVERSITE LIBRE DE BRUXELLES;2;UNIVERSITE LIBRE DE BRUXELLES
63210;AALTO-KORKEAKOULUSAATIO;UNIVERSITE LIBRE DE BRUXELLES;1;UNIVERSITE LIBRE DE BRUXELLES
63211;LINKOPINGS UNIVERSITET;UNIVERSITE LIBRE DE BRUXELLES;1;UNIVERSITE LIBRE DE BRUXELLES
63212;POLITECNICO DI MILANO;UNIVERSITE LIBRE DE BRUXELLES;2;UNIVERSITE LIBRE DE BRUXELLES
63213;TECHNISCHE UNIVERSITAET MUENCHEN;UNIVERSITE LIBRE DE BRUXELLES;1;UNIVERSITE LIBRE DE BRUXELLES
63214;THE UNIVERSITY OF NOTTINGHAM;UNIVERSITE LIBRE DE BRUXELLES;1;UNIVERSITE LIBRE DE BRUXELLES
63215;UNIVERSITAET BIELEFELD;UNIVERSITE LIBRE DE BRUXELLES;1;UNIVERSITE LIBRE DE BRUXELLES
63216;ACADEMISCH ZIEKENHUIS GRONINGEN;UNIVERSITE LIBRE DE BRUXELLES;1;UNIVERSITE LIBRE DE BRUXELLES
63217;PANEPISTIMIO IOANNINON;UNIVERSITE LIBRE DE BRUXELLES;1;UNIVERSITE LIBRE DE BRUXELLES
63218;UNIVERSITAT BASEL;UNIVERSITE LIBRE DE BRUXELLES;2;UNIVERSITE LIBRE DE BRUXELLES
63219;UNIVERSITE CATHOLIQUE DE LOUVAIN;UNIVERSITE LIBRE DE BRUXELLES;1;UNIVERSITE LIBRE DE BRUXELLES
63220;THE QUEEN'S UNIVERSITY OF BELFAST;UNIVERSITE LIBRE DE BRUXELLES;1;UNIVERSITE LIBRE DE BRUXELLES
63221;ERASMUS UNIVERSITEIT ROTTERDAM;UNIVERSITE LIBRE DE BRUXELLES;1;UNIVERSITE LIBRE DE BRUXELLES
63222;THE UNIVERSITY OF MANCHESTER;UNIVERSITE LIBRE DE BRUXELLES;2;UNIVERSITE LIBRE DE BRUXELLES
63223;KNOWLEDGE TRANSFER NETWORK LIMITED;UNIVERSITE LIBRE DE BRUXELLES;1;UNIVERSITE LIBRE DE BRUXELLES
63224;UNIVERSITAET ZU KOELN;UNIVERSITE LIBRE DE BRUXELLES;1;UNIVERSITE LIBRE DE BRUXELLES
63225;CNM TECHNOLOGIES GMBH;UNIVERSITE LIBRE DE BRUXELLES;1;UNIVERSITE LIBRE DE BRUXELLES
63226;FRIEDRICH-SCHILLER-UNIVERSITAT JENA;UNIVERSITE LIBRE DE BRUXELLES;1;UNIVERSITE LIBRE DE BRUXELLES
63227;KONINKLIJKE NEDERLANDSE AKADEMIE VAN WETENSCHAPPEN - KNAW;UNIVERSITE LIBRE DE BRUXELLES;1;UNIVERSITE LIBRE DE BRUXELLES
63228;UNIVERSITA DEGLI STUDI DI ROMA LA SAPIENZA;UNIVERSITE LIBRE DE BRUXELLES;2;UNIVERSITE LIBRE DE BRUXELLES
63229;Department of Health;UNIVERSITE LIBRE DE BRUXELLES;2;UNIVERSITE LIBRE DE BRUXELLES
63230;STATENS SERUM INSTITUT;UNIVERSITE LIBRE DE BRUXELLES;1;UNIVERSITE LIBRE DE BRUXELLES
63231;BIOLUTION GMBH;UNIVERSITE LIBRE DE BRUXELLES;1;UNIVERSITE LIBRE DE BRUXELLES
63232;CENTRE FOR REGIONAL POLICY RESEARCH AND COOPERATION STUDIORUM ZDRUZENJE;UNIVERSITE LIBRE DE BRUXELLES;1;UNIVERSITE LIBRE DE BRUXELLES
63233;CENTRE HOSPITALIER UNIVERSITAIRE DE TOULOUSE;UNIVERSITE LIBRE DE BRUXELLES;1;UNIVERSITE LIBRE DE BRUXELLES
63234;DEBRECENI EGYETEM;UNIVERSITE LIBRE DE BRUXELLES;1;UNIVERSITE LIBRE DE BRUXELLES
63235;ENDOKRINOLOGICKY USTAV;UNIVERSITE LIBRE DE BRUXELLES;1;UNIVERSITE LIBRE DE BRUXELLES
63236;INSTITUT DE INVESTIGACIO EN CIENCIES DE LA SALUT GERMANS TRIAS I PUJOL;UNIVERSITE LIBRE DE BRUXELLES;2;UNIVERSITE LIBRE DE BRUXELLES
63237;IODINE GLOBAL NETWORK;UNIVERSITE LIBRE DE BRUXELLES;1;UNIVERSITE LIBRE DE BRUXELLES
63238;KLINICKI BOLNICKI CENTAR SESTRE MILOSRDNICE USTANOVA;UNIVERSITE LIBRE DE BRUXELLES;1;UNIVERSITE LIBRE DE BRUXELLES
63239;Ministério da Defesa Nacional;UNIVERSITE LIBRE DE BRUXELLES;1;UNIVERSITE LIBRE DE BRUXELLES
63240;NASJONALT INSTITUTT FOR ENAERINGS-OG SJOMATFORSKNING;UNIVERSITE LIBRE DE BRUXELLES;1;UNIVERSITE LIBRE DE BRUXELLES
63241;OU ENDOKRINOLOOGIAKESKUS;UNIVERSITE LIBRE DE BRUXELLES;1;UNIVERSITE LIBRE DE BRUXELLES
63242;SOFIISKI UNIVERSITET SVETI KLIMENT OHRIDSKI;UNIVERSITE LIBRE DE BRUXELLES;1;UNIVERSITE LIBRE DE BRUXELLES
63243;UMIT- PRIVATE UNIVERSITAT FUER GESUNDHEITSWISSENSCHAFTEN, MEDIZINISCHEINFORMATIK UND TECHNIK GMBH;UNIVERSITE LIBRE DE BRUXELLES;1;UNIVERSITE LIBRE DE BRUXELLES
63244;UNIVERSITA DI PISA;UNIVERSITE LIBRE DE BRUXELLES;4;UNIVERSITE LIBRE DE BRUXELLES
63245;UNIVERSITATSMEDIZIN GREIFSWALD KORPERSCHAFT DES OFFENTLICHEN RECHTS;UNIVERSITE LIBRE DE BRUXELLES;1;UNIVERSITE LIBRE DE BRUXELLES
63246;BANGOR UNIVERSITY;UNIVERSITE LIBRE DE BRUXELLES;1;UNIVERSITE LIBRE DE BRUXELLES
63247;UNIVERSITAET HAMBURG;UNIVERSITE LIBRE DE BRUXELLES;1;UNIVERSITE LIBRE DE BRUXELLES
63248;ISTITUTO EUROPEO DI ONCOLOGIA SRL;UNIVERSITE LIBRE DE BRUXELLES;1;UNIVERSITE LIBRE DE BRUXELLES
63249;A2F ASSOCIATES LIMITED;UNIVERSITE LIBRE DE BRUXELLES;1;UNIVERSITE LIBRE DE BRUXELLES
63250;FRIEDRICH-ALEXANDER-UNIVERSITAT ERLANGEN NURNBERG;UNIVERSITE LIBRE DE BRUXELLES;1;UNIVERSITE LIBRE DE BRUXELLES
63251;ACONDICIONAMIENTO TARRASENSE ASSOCIACION;UNIVERSITE LIBRE DE BRUXELLES;1;UNIVERSITE LIBRE DE BRUXELLES
63252;FUNDACIO INSTITUT DE BIOENGINYERIA DE CATALUNYA;UNIVERSITE LIBRE DE BRUXELLES;1;UNIVERSITE LIBRE DE BRUXELLES
63253;FUNDACIO INSTITUT DE CIENCIES FOTONIQUES;UNIVERSITE LIBRE DE BRUXELLES;2;UNIVERSITE LIBRE DE BRUXELLES
63254;NOVELIC DOO BEOGRAD-NOVI BEOGRAD;UNIVERSITE LIBRE DE BRUXELLES;1;UNIVERSITE LIBRE DE BRUXELLES
63255;OBELIS SA;UNIVERSITE LIBRE DE BRUXELLES;1;UNIVERSITE LIBRE DE BRUXELLES
63256;Optocap Ltd;UNIVERSITE LIBRE DE BRUXELLES;1;UNIVERSITE LIBRE DE BRUXELLES
63257;SZENT ISTVAN UNIVERSITY;UNIVERSITE LIBRE DE BRUXELLES;1;UNIVERSITE LIBRE DE BRUXELLES
63258;BASF SE;UNIVERSITE LIBRE DE BRUXELLES;1;UNIVERSITE LIBRE DE BRUXELLES
63259;RIJKSUNIVERSITEIT GRONINGEN;UNIVERSITE LIBRE DE BRUXELLES;2;UNIVERSITE LIBRE DE BRUXELLES
63260;TECHNISCHE UNIVERSITAT DARMSTADT;UNIVERSITE LIBRE DE BRUXELLES;1;UNIVERSITE LIBRE DE BRUXELLES
63261;UNIVERSIDAD DE ZARAGOZA;UNIVERSITE LIBRE DE BRUXELLES;2;UNIVERSITE LIBRE DE BRUXELLES
63262;UNIVERSITAT AUTONOMA DE BARCELONA;UNIVERSITE LIBRE DE BRUXELLES;1;UNIVERSITE LIBRE DE BRUXELLES
63263;INSTITUTE OF COMMUNICATION AND COMPUTER SYSTEMS;UNIVERSITE LIBRE DE BRUXELLES;1;UNIVERSITE LIBRE DE BRUXELLES
63264;CONSORZIO NAZIONALE INTERUNIVERSITARIO PER LE TELECOMUNICAZIONI;UNIVERSITE LIBRE DE BRUXELLES;1;UNIVERSITE LIBRE DE BRUXELLES
63265;ELUPEG LIMITED;UNIVERSITE LIBRE DE BRUXELLES;1;UNIVERSITE LIBRE DE BRUXELLES
63266;THE UNIVERSITY OF LIVERPOOL;UNIVERSITE LIBRE DE BRUXELLES;1;UNIVERSITE LIBRE DE BRUXELLES
63267;FUNDACION ZARAGOZA LOGISTICS CENTER;UNIVERSITE LIBRE DE BRUXELLES;1;UNIVERSITE LIBRE DE BRUXELLES
63268;HAVENBEDRIJF ROTTERDAM NV;UNIVERSITE LIBRE DE BRUXELLES;1;UNIVERSITE LIBRE DE BRUXELLES
63269;SELEX ES SPA;UNIVERSITE LIBRE DE BRUXELLES;1;UNIVERSITE LIBRE DE BRUXELLES
63270;BMT GROUP LTD;UNIVERSITE LIBRE DE BRUXELLES;1;UNIVERSITE LIBRE DE BRUXELLES
63271;BUSINESS-E SPA;UNIVERSITE LIBRE DE BRUXELLES;1;UNIVERSITE LIBRE DE BRUXELLES
63272;CLMS (UK) LIMITED;UNIVERSITE LIBRE DE BRUXELLES;1;UNIVERSITE LIBRE DE BRUXELLES
63273;eBOS Technologies Ltd;UNIVERSITE LIBRE DE BRUXELLES;1;UNIVERSITE LIBRE DE BRUXELLES
63274;INLECOM SYSTEMS LTD;UNIVERSITE LIBRE DE BRUXELLES;1;UNIVERSITE LIBRE DE BRUXELLES
63275;TECHNISCHE UNIVERSITEIT DELFT;UNIVERSITE LIBRE DE BRUXELLES;1;UNIVERSITE LIBRE DE BRUXELLES
63276;FUNDACION TECNALIA RESEARCH & INNOVATION;UNIVERSITE LIBRE DE BRUXELLES;1;UNIVERSITE LIBRE DE BRUXELLES
63277;TECHNISCHE UNIVERSITAET HAMBURG-HARBURG;UNIVERSITE LIBRE DE BRUXELLES;1;UNIVERSITE LIBRE DE BRUXELLES
63278;DHL EXEL SUPPLY CHAIN SPAIN SL;UNIVERSITE LIBRE DE BRUXELLES;1;UNIVERSITE LIBRE DE BRUXELLES
63279;CENTRO RICERCHE FIAT SCPA;UNIVERSITE LIBRE DE BRUXELLES;1;UNIVERSITE LIBRE DE BRUXELLES
63280;BRUNEL UNIVERSITY;UNIVERSITE LIBRE DE BRUXELLES;1;UNIVERSITE LIBRE DE BRUXELLES
63281;UNIVERSITA DEGLI STUDI DI TRENTO;UNIVERSITE LIBRE DE BRUXELLES;1;UNIVERSITE LIBRE DE BRUXELLES
63282;UNIVERSITAT WIEN;UNIVERSITE LIBRE DE BRUXELLES;1;UNIVERSITE LIBRE DE BRUXELLES
63283;ABB AB;UNIVERSITE LIBRE DE BRUXELLES;1;UNIVERSITE LIBRE DE BRUXELLES
63284;GRUPO ANTOLIN-INGENIERIA SA;UNIVERSITE LIBRE DE BRUXELLES;1;UNIVERSITE LIBRE DE BRUXELLES
63285;NPL MANAGEMENT LIMITED;UNIVERSITE LIBRE DE BRUXELLES;1;UNIVERSITE LIBRE DE BRUXELLES
63286;GLAXOSMITHKLINE RESEARCH AND DEVELOPMENT LTD;UNIVERSITE LIBRE DE BRUXELLES;1;UNIVERSITE LIBRE DE BRUXELLES
63287;JYVASKYLAN YLIOPISTO;UNIVERSITE LIBRE DE BRUXELLES;1;UNIVERSITE LIBRE DE BRUXELLES
63288;MUSEUM NATIONAL D'HISTOIRE NATURELLE;UNIVERSITE LIBRE DE BRUXELLES;1;UNIVERSITE LIBRE DE BRUXELLES
63289;NATURAL HISTORY MUSEUM;UNIVERSITE LIBRE DE BRUXELLES;1;UNIVERSITE LIBRE DE BRUXELLES
63290;NATURHISTORISCHES MUSEUM;UNIVERSITE LIBRE DE BRUXELLES;1;UNIVERSITE LIBRE DE BRUXELLES
63291;SENCKENBERG GESELLSCHAFT FUR NATURFORSCHUNG;UNIVERSITE LIBRE DE BRUXELLES;1;UNIVERSITE LIBRE DE BRUXELLES
63292;THALES ALENIA SPACE UK LTD;UNIVERSITE LIBRE DE BRUXELLES;1;UNIVERSITE LIBRE DE BRUXELLES
63293;AVANTI COMMUNICATIONS LTD;UNIVERSITE LIBRE DE BRUXELLES;1;UNIVERSITE LIBRE DE BRUXELLES
63294;INTERUNIVERSITAIR MICRO-ELECTRONICACENTRUM IMEC VZW;UNIVERSITE LIBRE DE BRUXELLES;1;UNIVERSITE LIBRE DE BRUXELLES
63295;JOHANNES GUTENBERG-UNIVERSITAT MAINZ;UNIVERSITE LIBRE DE BRUXELLES;1;UNIVERSITE LIBRE DE BRUXELLES
63296;RUPRECHT-KARLS-UNIVERSITAET HEIDELBERG;UNIVERSITE LIBRE DE BRUXELLES;1;UNIVERSITE LIBRE DE BRUXELLES
63297;TECHNISCHE UNIVERSITEIT EINDHOVEN;UNIVERSITE LIBRE DE BRUXELLES;1;UNIVERSITE LIBRE DE BRUXELLES
63298;UNIVERSITAET KASSEL;UNIVERSITE LIBRE DE BRUXELLES;1;UNIVERSITE LIBRE DE BRUXELLES
63299;ISTITUTO DI STUDI PER L'INTEGRAZIONE DEI SISTEMI SCRL;UNIVERSITE LIBRE DE BRUXELLES;1;UNIVERSITE LIBRE DE BRUXELLES
63300;NORSK MARINTEKNISK FORSKNINGSINSTITUTT AS;UNIVERSITE LIBRE DE BRUXELLES;1;UNIVERSITE LIBRE DE BRUXELLES
63301;FINANCE WATCH AISBL;UNIVERSITE LIBRE DE BRUXELLES;1;UNIVERSITE LIBRE DE BRUXELLES
63302;SCUOLA SUPERIORE DI STUDI UNIVERSITARI E DI PERFEZIONAMENTO SANT'ANNA;UNIVERSITE LIBRE DE BRUXELLES;1;UNIVERSITE LIBRE DE BRUXELLES
63303;STICHTING DELTARES;UNIVERSITE LIBRE DE BRUXELLES;1;UNIVERSITE LIBRE DE BRUXELLES
63304;CYBERTRONICA UG (HAFTUNGSBESCHRANKT) GMBH;UNIVERSITE LIBRE DE BRUXELLES;1;UNIVERSITE LIBRE DE BRUXELLES
63305;UNIVERSITAET GRAZ;UNIVERSITE LIBRE DE BRUXELLES;1;UNIVERSITE LIBRE DE BRUXELLES
63306;UNIVERSITAET PADERBORN;UNIVERSITE LIBRE DE BRUXELLES;1;UNIVERSITE LIBRE DE BRUXELLES
63307;CORILA - CONSORZIO PER IL COORDINAMENTO DELLE RICERCHE INERENTI AL SISTEMA LAGUNARE DI VENEZIA;UNIVERSITE LIBRE DE BRUXELLES;1;UNIVERSITE LIBRE DE BRUXELLES
63308;SVEUCILISTE U ZAGREBU FAKULTET ELEKTROTEHNIKE I RACUNARSTVA;UNIVERSITE LIBRE DE BRUXELLES;1;UNIVERSITE LIBRE DE BRUXELLES
63309;EIDGENOESSISCHE MATERIALPRUEFUNGS- UND FORSCHUNGSANSTALT;UNIVERSITE LIBRE DE BRUXELLES;1;UNIVERSITE LIBRE DE BRUXELLES
63310;FONDAZIONE BRUNO KESSLER;UNIVERSITE LIBRE DE BRUXELLES;2;UNIVERSITE LIBRE DE BRUXELLES
63311;KOZEP-EUROPAI EGYETEM;UNIVERSITE LIBRE DE BRUXELLES;1;UNIVERSITE LIBRE DE BRUXELLES
63312;MARSEILLE GYPTIS INTERNATIONAL;UNIVERSITE LIBRE DE BRUXELLES;1;UNIVERSITE LIBRE DE BRUXELLES
63313;STMICROELECTRONICS SRL;UNIVERSITE LIBRE DE BRUXELLES;1;UNIVERSITE LIBRE DE BRUXELLES
63314;BARCELONA SUPERCOMPUTING CENTER - CENTRO NACIONAL DE SUPERCOMPUTACION;UNIVERSITE LIBRE DE BRUXELLES;2;UNIVERSITE LIBRE DE BRUXELLES
63315;THE CYPRUS INSTITUTE;UNIVERSITE LIBRE DE BRUXELLES;1;UNIVERSITE LIBRE DE BRUXELLES
63316;UNIVERSITE DE GENEVE;UNIVERSITE LIBRE DE BRUXELLES;2;UNIVERSITE LIBRE DE BRUXELLES
63317;FLEXENABLE LIMITED;UNIVERSITE LIBRE DE BRUXELLES;1;UNIVERSITE LIBRE DE BRUXELLES
63318;STELLENBOSCH UNIVERSITY;UNIVERSITE LIBRE DE BRUXELLES;1;UNIVERSITE LIBRE DE BRUXELLES
63319;GENXPRO GMBH;UNIVERSITE LIBRE DE BRUXELLES;1;UNIVERSITE LIBRE DE BRUXELLES
63320;ERICSSON AB;UNIVERSITE LIBRE DE BRUXELLES;1;UNIVERSITE LIBRE DE BRUXELLES
63321;CENTRO DE INVESTIGACION COOPERATIVADE ENERGIAS ALTERNATIVAS FUNDACION;UNIVERSITE LIBRE DE BRUXELLES;1;UNIVERSITE LIBRE DE BRUXELLES
63322;INSTITUT PASTEUR;UNIVERSITE LIBRE DE BRUXELLES;2;UNIVERSITE LIBRE DE BRUXELLES
63323;UNIVERSITA DEGLI STUDI DI ROMA TORVERGATA;UNIVERSITE LIBRE DE BRUXELLES;1;UNIVERSITE LIBRE DE BRUXELLES
63324;FUNDACAO DA FACULDADE DE CIENCIAS DA LISBOA UNIVERSISADE DE LISBOA FP;UNIVERSITE LIBRE DE BRUXELLES;1;UNIVERSITE LIBRE DE BRUXELLES
63325;ASOCIACION CENTRO DE INVESTIGACION COOPERATIVA EN BIOMATERIALES- CIC biomaGUNE;UNIVERSITE LIBRE DE BRUXELLES;1;UNIVERSITE LIBRE DE BRUXELLES
63326;UNIVERSITE DE STRASBOURG;UNIVERSITE LIBRE DE BRUXELLES;2;UNIVERSITE LIBRE DE BRUXELLES
63327;UNIVERSITAET AUGSBURG;UNIVERSITE LIBRE DE BRUXELLES;1;UNIVERSITE LIBRE DE BRUXELLES
63328;ITA-SUOMEN YLIOPISTO;UNIVERSITE LIBRE DE BRUXELLES;1;UNIVERSITE LIBRE DE BRUXELLES
63329;MAGYAR TUDOMANYOS AKADEMIA SZEGEDIBIOLOGIAI KUTATOKOZPONT;UNIVERSITE LIBRE DE BRUXELLES;1;UNIVERSITE LIBRE DE BRUXELLES
63330;MEDICAL RESEARCH COUNCIL;UNIVERSITE LIBRE DE BRUXELLES;1;UNIVERSITE LIBRE DE BRUXELLES
63331;M-SOLV LTD;UNIVERSITE LIBRE DE BRUXELLES;1;UNIVERSITE LIBRE DE BRUXELLES
63332;JOHANN WOLFGANG GOETHE UNIVERSITAET FRANKFURT AM MAIN;UNIVERSITE LIBRE DE BRUXELLES;1;UNIVERSITE LIBRE DE BRUXELLES
63333;AVANZARE INNOVACION TECNOLOGICA SL;UNIVERSITE LIBRE DE BRUXELLES;1;UNIVERSITE LIBRE DE BRUXELLES
63334;GVS S.P.A.;UNIVERSITE LIBRE DE BRUXELLES;1;UNIVERSITE LIBRE DE BRUXELLES
63335;JUSTUS-LIEBIG-UNIVERSITAET GIESSEN;UNIVERSITE LIBRE DE BRUXELLES;1;UNIVERSITE LIBRE DE BRUXELLES
63336;ALCATEL-LUCENT DEUTSCHLAND AG;UNIVERSITE LIBRE DE BRUXELLES;1;UNIVERSITE LIBRE DE BRUXELLES
63337;FUJIFILM DIOSYNTH BIOTECHNOLOGIES UK LIMITED;UNIVERSITE LIBRE DE BRUXELLES;1;UNIVERSITE LIBRE DE BRUXELLES
63338;Institute of Mechanics, Bulgarian Academy of Sciences;UNIVERSITE LIBRE DE BRUXELLES;1;UNIVERSITE LIBRE DE BRUXELLES
63339;ECOLE CENTRALE DES ARTS ET MANUFACTURES;UNIVERSITE LIBRE DE BRUXELLES;1;UNIVERSITE LIBRE DE BRUXELLES
63340;GESELLSCHAFT FUR ANGEWANDTE MIKRO UND OPTOELEKTRONIK MIT BESCHRANKTERHAFTUNG AMO GMBH;UNIVERSITE LIBRE DE BRUXELLES;1;UNIVERSITE LIBRE DE BRUXELLES
63341;TECHNISCHE UNIVERSITAET CHEMNITZ;UNIVERSITE LIBRE DE BRUXELLES;1;UNIVERSITE LIBRE DE BRUXELLES
63342;Centre for Process Innovation Limited;UNIVERSITE LIBRE DE BRUXELLES;1;UNIVERSITE LIBRE DE BRUXELLES
63343;AERAS GLOBAL TB VACCINE FOUNDATION;UNIVERSITE LIBRE DE BRUXELLES;1;UNIVERSITE LIBRE DE BRUXELLES
63344;AZIENDA OSPEDALIERA UNIVERSITARIA POLICLINICO  PAOLO GIACCONE DI PALERMO;UNIVERSITE LIBRE DE BRUXELLES;1;UNIVERSITE LIBRE DE BRUXELLES
63345;BUNDESINSTITUT FUR IMPFSTOFFE UND BIOMEDIZINISCHE ARZNEIMITTEL;UNIVERSITE LIBRE DE BRUXELLES;1;UNIVERSITE LIBRE DE BRUXELLES
63346;EDUCATIONAL FOUNDATION YONSEI UNIVERSITY;UNIVERSITE LIBRE DE BRUXELLES;1;UNIVERSITE LIBRE DE BRUXELLES
63347;INSTITUT PASTEUR DE LILLE FONDATION;UNIVERSITE LIBRE DE BRUXELLES;1;UNIVERSITE LIBRE DE BRUXELLES
63348;INSTITUT SCIENTIFIQUE DE SANTE PUBLIQUE;UNIVERSITE LIBRE DE BRUXELLES;1;UNIVERSITE LIBRE DE BRUXELLES
63349;INTERNATIONAL TUBERCULOSIS RESEARCH CENTER;UNIVERSITE LIBRE DE BRUXELLES;1;UNIVERSITE LIBRE DE BRUXELLES
63350;ISTITUTO NAZIONALE MALATTIE INFETTIVE L.SPALLANZANI - IRCCS;UNIVERSITE LIBRE DE BRUXELLES;1;UNIVERSITE LIBRE DE BRUXELLES
63351;KWAZULU NATAL RESEARCH INSTITUTE FOR TB-HIV (K-RITH) NPC;UNIVERSITE LIBRE DE BRUXELLES;1;UNIVERSITE LIBRE DE BRUXELLES
63352;STICHTING BIOMEDICAL PRIMATE RESEARCH CENTER;UNIVERSITE LIBRE DE BRUXELLES;1;UNIVERSITE LIBRE DE BRUXELLES
63353;STICHTING TUBERCULOSIS VACCINE INITIATIVE;UNIVERSITE LIBRE DE BRUXELLES;1;UNIVERSITE LIBRE DE BRUXELLES
63354;THE UNIVERSITY OF SYDNEY;UNIVERSITE LIBRE DE BRUXELLES;1;UNIVERSITE LIBRE DE BRUXELLES
63355;CENTRO DE INVESTIGACION BIOMEDICA EN RED;UNIVERSITE LIBRE DE BRUXELLES;1;UNIVERSITE LIBRE DE BRUXELLES
63356;UMEA UNIVERSITET;UNIVERSITE LIBRE DE BRUXELLES;1;UNIVERSITE LIBRE DE BRUXELLES
63357;THALES SA;UNIVERSITE LIBRE DE BRUXELLES;1;UNIVERSITE LIBRE DE BRUXELLES
63358;INSTYTUT TECHNOLOGII MATERIALOW ELEKTRONICZNYCH;UNIVERSITE LIBRE DE BRUXELLES;1;UNIVERSITE LIBRE DE BRUXELLES
63359;NOVALIA LIMITED;UNIVERSITE LIBRE DE BRUXELLES;1;UNIVERSITE LIBRE DE BRUXELLES
63360;Sabanci University;UNIVERSITE LIBRE DE BRUXELLES;1;UNIVERSITE LIBRE DE BRUXELLES
63361;TECHNOLOGICAL EDUCATIONAL INSTITUTE OF CRETE;UNIVERSITE LIBRE DE BRUXELLES;1;UNIVERSITE LIBRE DE BRUXELLES
63362;GRINP SRL;UNIVERSITE LIBRE DE BRUXELLES;1;UNIVERSITE LIBRE DE BRUXELLES
63363;DUBLIN INSTITUTE OF TECHNOLOGY;UNIVERSITE LIBRE DE BRUXELLES;1;UNIVERSITE LIBRE DE BRUXELLES
63364;UNIVERSITA DEGLI STUDI DI SALERNO;UNIVERSITE LIBRE DE BRUXELLES;1;UNIVERSITE LIBRE DE BRUXELLES
63365;FUNDACIO INSTITUT CATALA DE NANOCIENCIA I NANOTECNOLOGIA;UNIVERSITE LIBRE DE BRUXELLES;1;UNIVERSITE LIBRE DE BRUXELLES
63366;SZKOLA GLOWNA HANDLOWA W WARSZAWIE;UNIVERSITE LIBRE DE BRUXELLES;1;UNIVERSITE LIBRE DE BRUXELLES
63367;EKONOMSKI INSTITUT ZAGREB;UNIVERSITE LIBRE DE BRUXELLES;1;UNIVERSITE LIBRE DE BRUXELLES
63368;SEURECO SOCIETE EUROPEENNE D'ECONOMIE SARL;UNIVERSITE LIBRE DE BRUXELLES;1;UNIVERSITE LIBRE DE BRUXELLES
63369;COPENHAGEN BUSINESS SCHOOL;UNIVERSITE LIBRE DE BRUXELLES;1;UNIVERSITE LIBRE DE BRUXELLES
63370;DELTA TECH SPA;UNIVERSITE LIBRE DE BRUXELLES;1;UNIVERSITE LIBRE DE BRUXELLES
63371;FUNDACION PARA LA INVESTIGACION, DESARROLLO Y APLICACION DE MATERIALES COMPUESTOS;UNIVERSITE LIBRE DE BRUXELLES;1;UNIVERSITE LIBRE DE BRUXELLES
63372;IFOM FONDAZIONE ISTITUTO FIRC DI ONCOLOGIA MOLECOLARE;UNIVERSITE LIBRE DE BRUXELLES;1;UNIVERSITE LIBRE DE BRUXELLES
63373;FUNDACION IMDEA NANOCIENCIA;UNIVERSITE LIBRE DE BRUXELLES;1;UNIVERSITE LIBRE DE BRUXELLES
63374;COMITE EUROPEEN DE COORDINATION DE L'HABITAT SOCIAL AISBL;UNIVERSITE LIBRE DE BRUXELLES;1;UNIVERSITE LIBRE DE BRUXELLES
63375;UNIVERSITE DES SCIENCES ET TECHNOLOGIES DE LILLE - LILLE I;UNIVERSITE LIBRE DE BRUXELLES;1;UNIVERSITE LIBRE DE BRUXELLES
63376;BELARUSIAN STATE UNIVERSITY;UNIVERSITE LIBRE DE BRUXELLES;1;UNIVERSITE LIBRE DE BRUXELLES
63377;CONFEDERATION EUROPEENNE DES SYNDICATS ADF;UNIVERSITE LIBRE DE BRUXELLES;1;UNIVERSITE LIBRE DE BRUXELLES
63378;TAX JUSTICE NETWORK LIMITED;UNIVERSITE LIBRE DE BRUXELLES;1;UNIVERSITE LIBRE DE BRUXELLES
63379;ENERGIA-DA SRL;UNIVERSITE LIBRE DE BRUXELLES;1;UNIVERSITE LIBRE DE BRUXELLES
63380;ENERGY CONSULTING NETWORK APS;UNIVERSITE LIBRE DE BRUXELLES;1;UNIVERSITE LIBRE DE BRUXELLES
63381;RADIO-TELEVISION BELGE DE LA COMMUNAUTE FRANCAISE;UNIVERSITE LIBRE DE BRUXELLES;1;UNIVERSITE LIBRE DE BRUXELLES
63382;Ss. CYRIL AND METHODIUS UNIVERSITY IN SKOPJE;UNIVERSITE LIBRE DE BRUXELLES;1;UNIVERSITE LIBRE DE BRUXELLES
63383;UNIVERSITATEA TEHNICA CLUJ-NAPOCA;UNIVERSITE LIBRE DE BRUXELLES;1;UNIVERSITE LIBRE DE BRUXELLES
63384;GERMAN STEMCELL NETWORK (GSCN) - DEUTSCHES STAMMZELLNETZWERK EV;UNIVERSITE LIBRE DE BRUXELLES;1;UNIVERSITE LIBRE DE BRUXELLES
63385;INSTITUT FUER MOLEKULARE BIOTECHNOLOGIE GMBH;UNIVERSITE LIBRE DE BRUXELLES;1;UNIVERSITE LIBRE DE BRUXELLES
63386;LIFE AND BRAIN GMBH;UNIVERSITE LIBRE DE BRUXELLES;1;UNIVERSITE LIBRE DE BRUXELLES
63387;MAGYAR TUDOMANYOS AKADEMIA ENERGIATUDOMANYI KUTATOKOZPONT;UNIVERSITE LIBRE DE BRUXELLES;1;UNIVERSITE LIBRE DE BRUXELLES
63388;INFINEON TECHNOLOGIES AG;UNIVERSITE LIBRE DE BRUXELLES;1;UNIVERSITE LIBRE DE BRUXELLES
63389;UNIVERSITE DE NAMUR ASBL;UNIVERSITE LIBRE DE BRUXELLES;1;UNIVERSITE LIBRE DE BRUXELLES
63390;EBG (Entwicklungs- und Betriebsgesellschaft) MedAustron GmbH;UNIVERSITE LIBRE DE BRUXELLES;1;UNIVERSITE LIBRE DE BRUXELLES
63391;GRAND ACCELERATEUR NATIONAL D'IONS LOURDS;UNIVERSITE LIBRE DE BRUXELLES;1;UNIVERSITE LIBRE DE BRUXELLES
63392;GROUPEMENT INTERET PUBLIC ARRONAX;UNIVERSITE LIBRE DE BRUXELLES;1;UNIVERSITE LIBRE DE BRUXELLES
63393;GSI HELMHOLTZZENTRUM FUER SCHWERIONENFORSCHUNG GMBH;UNIVERSITE LIBRE DE BRUXELLES;1;UNIVERSITE LIBRE DE BRUXELLES
63394;Magyar Tudomanyos Akademia Atommagkutato Intezete;UNIVERSITE LIBRE DE BRUXELLES;1;UNIVERSITE LIBRE DE BRUXELLES
63395;UNIVERSITA DELLA CALABRIA;UNIVERSITE LIBRE DE BRUXELLES;1;UNIVERSITE LIBRE DE BRUXELLES
63396;Asociacion - Centro de Investigacion Cooperativa en Nanociencias - CIC NANOGUNE;UNIVERSITE LIBRE DE BRUXELLES;1;UNIVERSITE LIBRE DE BRUXELLES
63397;Graphenea S.A.;UNIVERSITE LIBRE DE BRUXELLES;1;UNIVERSITE LIBRE DE BRUXELLES
63398;UNIVERSITAET REGENSBURG;UNIVERSITE LIBRE DE BRUXELLES;1;UNIVERSITE LIBRE DE BRUXELLES
63399;INTOMICS AS;UNIVERSITE LIBRE DE BRUXELLES;1;UNIVERSITE LIBRE DE BRUXELLES
63400;SIRION BIOTECH GMBH;UNIVERSITE LIBRE DE BRUXELLES;1;UNIVERSITE LIBRE DE BRUXELLES
63401;UNIVERSITA DEGLI STUDI DI TRIESTE;UNIVERSITE LIBRE DE BRUXELLES;1;UNIVERSITE LIBRE DE BRUXELLES
63402;IBM IRELAND LIMITED;UNIVERSITE LIBRE DE BRUXELLES;1;UNIVERSITE LIBRE DE BRUXELLES
63403;UNIVERSITE DE MONTPELLIER;UNIVERSITE LIBRE DE BRUXELLES;1;UNIVERSITE LIBRE DE BRUXELLES
63404;UNIVERSITE D'ARTOIS;UNIVERSITE LIBRE DE BRUXELLES;1;UNIVERSITE LIBRE DE BRUXELLES
63405;LABORATOIRE NATIONAL DE METROLOGIE ET D'ESSAIS;UNIVERSITE LIBRE DE BRUXELLES;1;UNIVERSITE LIBRE DE BRUXELLES
63406;SCUOLA INTERNAZIONALE SUPERIORE DI STUDI AVANZATI DI TRIESTE;UNIVERSITE LIBRE DE BRUXELLES;1;UNIVERSITE LIBRE DE BRUXELLES
63407;REPSOL SA;UNIVERSITE LIBRE DE BRUXELLES;1;UNIVERSITE LIBRE DE BRUXELLES
63408;ALCATEL-LUCENT ITALIA S.P.A.;UNIVERSITE LIBRE DE BRUXELLES;1;UNIVERSITE LIBRE DE BRUXELLES
63409;AIXTRON LIMITED;UNIVERSITE LIBRE DE BRUXELLES;1;UNIVERSITE LIBRE DE BRUXELLES
63410;INSTITUT FUER SEEVERKEHRSWIRTSCHAFT UND LOGISTIK;UNIVERSITE LIBRE DE BRUXELLES;1;UNIVERSITE LIBRE DE BRUXELLES
63411;A.P. Moller - Mærsk A-S;UNIVERSITE LIBRE DE BRUXELLES;1;UNIVERSITE LIBRE DE BRUXELLES
63412;ADRIA KOMBI NACIONALNA DRUZBA ZA KOMBINIRAMI PROMET DOO LJUBLJANA;UNIVERSITE LIBRE DE BRUXELLES;1;UNIVERSITE LIBRE DE BRUXELLES
63413;Clecat - European Association for Forwarding, Transport, Logistics and Customs Service;UNIVERSITE LIBRE DE BRUXELLES;1;UNIVERSITE LIBRE DE BRUXELLES
63414;CONEX SA;UNIVERSITE LIBRE DE BRUXELLES;1;UNIVERSITE LIBRE DE BRUXELLES
63415;DFDS AS;UNIVERSITE LIBRE DE BRUXELLES;1;UNIVERSITE LIBRE DE BRUXELLES
63416;ELECTRONIC GERMAN LINK GMBH;UNIVERSITE LIBRE DE BRUXELLES;1;UNIVERSITE LIBRE DE BRUXELLES
63417;ELGEKA AE EMPORIO-DIANOMES-ANTIPROSOPIES-BIOMICHANIA;UNIVERSITE LIBRE DE BRUXELLES;1;UNIVERSITE LIBRE DE BRUXELLES
63418;ELLINIKES APOTHIKES SARANTITIS AE;UNIVERSITE LIBRE DE BRUXELLES;1;UNIVERSITE LIBRE DE BRUXELLES
63419;EXMILE SOLUTIONS LIMITED;UNIVERSITE LIBRE DE BRUXELLES;1;UNIVERSITE LIBRE DE BRUXELLES
63420;I.S.P.C. GENT;UNIVERSITE LIBRE DE BRUXELLES;1;UNIVERSITE LIBRE DE BRUXELLES
63421;Mapotempo;UNIVERSITE LIBRE DE BRUXELLES;1;UNIVERSITE LIBRE DE BRUXELLES
63422;NWL NORDDEUTSCHE WASSWEREG LOGISTIK GMBH;UNIVERSITE LIBRE DE BRUXELLES;1;UNIVERSITE LIBRE DE BRUXELLES
63423;PHARMA BELGIUM SA;UNIVERSITE LIBRE DE BRUXELLES;1;UNIVERSITE LIBRE DE BRUXELLES
63424;SECURITY PROJECTS UK LIMITED;UNIVERSITE LIBRE DE BRUXELLES;1;UNIVERSITE LIBRE DE BRUXELLES
63425;SONAE CENTER SERVICOS II S.A.;UNIVERSITE LIBRE DE BRUXELLES;1;UNIVERSITE LIBRE DE BRUXELLES
63426;SUMY BELGIUM;UNIVERSITE LIBRE DE BRUXELLES;1;UNIVERSITE LIBRE DE BRUXELLES
63427;TRIMODAL LOGISTIK GMBH;UNIVERSITE LIBRE DE BRUXELLES;1;UNIVERSITE LIBRE DE BRUXELLES
63428;AIRBUS OPERATIONS SL;UNIVERSITE LIBRE DE BRUXELLES;1;UNIVERSITE LIBRE DE BRUXELLES
63429;ASSOCIATION HOSPITALIERE DE BRUXELLES-CENTRE HOSPITALIER UNIVERSITAIRE SAINT PIERRE;UNIVERSITE LIBRE DE BRUXELLES;1;UNIVERSITE LIBRE DE BRUXELLES
63430;INTERNATIONAL CENTRE FOR GENETIC ENGINEERING AND BIOTECHNOLOGY;UNIVERSITE LIBRE DE BRUXELLES;1;UNIVERSITE LIBRE DE BRUXELLES
63431;MATER MISERICORDIAE UNIVERSITY HOSPITAL LIMITED;UNIVERSITE LIBRE DE BRUXELLES;1;UNIVERSITE LIBRE DE BRUXELLES
63432;AMALYST LIMITED;UNIVERSITE LIBRE DE BRUXELLES;1;UNIVERSITE LIBRE DE BRUXELLES
63433;ATHERM;UNIVERSITE LIBRE DE BRUXELLES;1;UNIVERSITE LIBRE DE BRUXELLES
63434;BRETON SPA;UNIVERSITE LIBRE DE BRUXELLES;1;UNIVERSITE LIBRE DE BRUXELLES
63435;DSM Ahead BV;UNIVERSITE LIBRE DE BRUXELLES;1;UNIVERSITE LIBRE DE BRUXELLES
63436;DYESOL ITALIA SRL;UNIVERSITE LIBRE DE BRUXELLES;1;UNIVERSITE LIBRE DE BRUXELLES
63437;EPCOS AG;UNIVERSITE LIBRE DE BRUXELLES;1;UNIVERSITE LIBRE DE BRUXELLES
63438;G24 POWER LIMITED;UNIVERSITE LIBRE DE BRUXELLES;1;UNIVERSITE LIBRE DE BRUXELLES
63439;GUGER TECHNOLOGIES OG;UNIVERSITE LIBRE DE BRUXELLES;1;UNIVERSITE LIBRE DE BRUXELLES
63440;INSTITUTO DE TECNOLOGIAS EMERGENTES DE LA RIOJA;UNIVERSITE LIBRE DE BRUXELLES;1;UNIVERSITE LIBRE DE BRUXELLES
63441;INTERNACIONAL DE COMPOSITES SA;UNIVERSITE LIBRE DE BRUXELLES;1;UNIVERSITE LIBRE DE BRUXELLES
63442;ITALCEMENTI FABBRICHE RIUNITE CEMENTO SPA;UNIVERSITE LIBRE DE BRUXELLES;1;UNIVERSITE LIBRE DE BRUXELLES
63443;LIBRE SOCIETA A RESPONSABILITA LIMITATA;UNIVERSITE LIBRE DE BRUXELLES;1;UNIVERSITE LIBRE DE BRUXELLES
63444;N VISION SYSTEMS AND TECHNOLOGIES SL;UNIVERSITE LIBRE DE BRUXELLES;1;UNIVERSITE LIBRE DE BRUXELLES
63445;NANESA SRL;UNIVERSITE LIBRE DE BRUXELLES;1;UNIVERSITE LIBRE DE BRUXELLES
63446;NANOSC AB;UNIVERSITE LIBRE DE BRUXELLES;1;UNIVERSITE LIBRE DE BRUXELLES
63447;NOKIA OYJ;UNIVERSITE LIBRE DE BRUXELLES;1;UNIVERSITE LIBRE DE BRUXELLES
63448;NOKIA R&D (UK) LIMITED;UNIVERSITE LIBRE DE BRUXELLES;1;UNIVERSITE LIBRE DE BRUXELLES
63449;OXFORD INSTRUMENTS NANOTECHNOLOGY TOOLS LIMITED;UNIVERSITE LIBRE DE BRUXELLES;1;UNIVERSITE LIBRE DE BRUXELLES
63450;PIXIUM VISION;UNIVERSITE LIBRE DE BRUXELLES;1;UNIVERSITE LIBRE DE BRUXELLES
63451;POLYMEM S.A.;UNIVERSITE LIBRE DE BRUXELLES;1;UNIVERSITE LIBRE DE BRUXELLES
63452;PROGNOMICS LTD;UNIVERSITE LIBRE DE BRUXELLES;1;UNIVERSITE LIBRE DE BRUXELLES
63453;RESEARCH AND DEVELOPMENT OF NANOMATERIALS AND NANOTECHNOLOGY NANO TECHLAB LTD;UNIVERSITE LIBRE DE BRUXELLES;1;UNIVERSITE LIBRE DE BRUXELLES
63454;STIFTELSEN CHALMERS INDUSTRITEKNIK;UNIVERSITE LIBRE DE BRUXELLES;1;UNIVERSITE LIBRE DE BRUXELLES
