Country;frameworkContract;Number of project participants;Number of project coordinators;Overall Number of Project;Number of institutions;isoCode;name;EU28;Schengen;GDP;Population;GDPPerCapita
1;AE;FP7;7;NA;7;5;AE;United Arab Emirates;FALSE;FALSE;NA;NA;NA
2;AE;FP6;1;NA;1;1;AE;United Arab Emirates;FALSE;FALSE;NA;NA;NA
3;AF;FP6;2;NA;2;2;AF;Afghanistan;FALSE;FALSE;NA;NA;NA
4;AF;FP7;1;NA;1;1;AF;Afghanistan;FALSE;FALSE;NA;NA;NA
5;AL;FP6;38;2;40;31;AL;Albania;FALSE;FALSE;NA;2892302;NA
6;AL;H2020;8;NA;8;8;AL;Albania;FALSE;FALSE;NA;2892302;NA
7;AL;FP7;37;1;38;21;AL;Albania;FALSE;FALSE;NA;2892302;NA
8;AM;FP6;15;NA;15;14;AM;Armenia;FALSE;FALSE;NA;3010598;NA
9;AM;FP7;38;6;44;19;AM;Armenia;FALSE;FALSE;NA;3010598;NA
10;AM;H2020;6;1;7;4;AM;Armenia;FALSE;FALSE;NA;3010598;NA
11;AO;FP6;2;NA;2;2;AO;Angola;FALSE;FALSE;NA;NA;NA
12;AO;FP7;2;NA;2;2;AO;Angola;FALSE;FALSE;NA;NA;NA
13;AR;FP6;87;10;97;77;AR;Argentina;FALSE;FALSE;569458.5;NA;NA
14;AR;FP7;103;13;117;53;AR;Argentina;FALSE;FALSE;569458.5;NA;NA
15;AR;H2020;12;NA;12;8;AR;Argentina;FALSE;FALSE;569458.5;NA;NA
16;AT;H2020;823;186;1044;374;AT;Austria;TRUE;TRUE;339896;8576261;39632.1893655055
17;AT;FP7;2739;563;3540;783;AT;Austria;TRUE;TRUE;339896;8576261;39632.1893655055
18;AT;FP6;1675;285;1960;984;AT;Austria;TRUE;TRUE;339896;8576261;39632.1893655055
19;AU;FP6;106;1;107;67;AU;Australia;FALSE;FALSE;1110012.9;NA;NA
20;AU;FP7;191;2;196;58;AU;Australia;FALSE;FALSE;1110012.9;NA;NA
21;AU;H2020;32;NA;32;17;AU;Australia;FALSE;FALSE;1110012.9;NA;NA
22;AW;FP7;1;NA;1;1;AW;Aruba;FALSE;FALSE;NA;NA;NA
23;AZ;H2020;3;NA;3;2;AZ;Azerbaijan;FALSE;FALSE;NA;9593038;NA
24;AZ;FP6;8;2;10;9;AZ;Azerbaijan;FALSE;FALSE;NA;9593038;NA
25;AZ;FP7;24;2;26;17;AZ;Azerbaijan;FALSE;FALSE;NA;9593038;NA
26;BA;H2020;16;2;18;15;BA;Bosnia and Herzegovina;FALSE;FALSE;NA;NA;NA
27;BA;FP7;42;5;47;30;BA;Bosnia and Herzegovina;FALSE;FALSE;NA;NA;NA
28;BA;FP6;52;1;53;43;BA;Bosnia and Herzegovina;FALSE;FALSE;NA;NA;NA
29;BB;FP7;2;NA;2;1;BB;Barbados;FALSE;FALSE;NA;NA;NA
30;BD;H2020;2;NA;2;2;BD;Bangladesh;FALSE;FALSE;NA;NA;NA
31;BD;FP7;17;NA;17;13;BD;Bangladesh;FALSE;FALSE;NA;NA;NA
32;BD;FP6;5;NA;5;5;BD;Bangladesh;FALSE;FALSE;NA;NA;NA
33;BE;FP6;2603;470;3073;1235;BE;Belgium;TRUE;TRUE;409407;11208986;36524.891725264
34;BE;FP7;4707;783;5816;1184;BE;Belgium;TRUE;TRUE;409407;11208986;36524.891725264
35;BE;H2020;1288;246;1580;589;BE;Belgium;TRUE;TRUE;409407;11208986;36524.891725264
36;BF;FP6;22;NA;22;19;BF;Burkina Faso;FALSE;FALSE;NA;NA;NA
37;BF;H2020;4;NA;4;4;BF;Burkina Faso;FALSE;FALSE;NA;NA;NA
38;BF;FP7;28;NA;28;13;BF;Burkina Faso;FALSE;FALSE;NA;NA;NA
39;BG;H2020;183;16;199;133;BG;Bulgaria;TRUE;TRUE;44162.3;7202198;6131.7808813365
40;BG;FP7;649;45;701;276;BG;Bulgaria;TRUE;TRUE;44162.3;7202198;6131.7808813365
41;BG;FP6;424;39;463;289;BG;Bulgaria;TRUE;TRUE;44162.3;7202198;6131.7808813365
42;BH;FP7;2;NA;2;2;BH;Bahrain;FALSE;FALSE;NA;NA;NA
43;BI;H2020;1;NA;1;1;BI;Burundi;FALSE;FALSE;NA;NA;NA
44;BI;FP7;3;NA;3;2;BI;Burundi;FALSE;FALSE;NA;NA;NA
45;BJ;FP7;12;NA;13;4;BJ;Benin;FALSE;FALSE;NA;NA;NA
46;BJ;FP6;11;NA;11;10;BJ;Benin;FALSE;FALSE;NA;NA;NA
47;BN;FP7;1;NA;1;1;BN;Brunei;FALSE;FALSE;NA;NA;NA
48;BO;FP6;15;NA;15;15;BO;Bolivia;FALSE;FALSE;NA;NA;NA
49;BO;FP7;14;1;15;11;BO;Bolivia;FALSE;FALSE;NA;NA;NA
50;BR;FP6;150;3;153;135;BR;Brazil;FALSE;FALSE;NA;NA;NA
51;BR;H2020;27;NA;28;22;BR;Brazil;FALSE;FALSE;NA;NA;NA
52;BR;FP7;230;4;235;102;BR;Brazil;FALSE;FALSE;NA;NA;NA
53;BT;FP6;2;NA;2;2;BT;Bhutan;FALSE;FALSE;NA;NA;NA
54;BT;FP7;1;NA;1;1;BT;Bhutan;FALSE;FALSE;NA;NA;NA
55;BW;H2020;2;NA;2;2;BW;Botswana;FALSE;FALSE;NA;NA;NA
56;BW;FP7;9;NA;9;6;BW;Botswana;FALSE;FALSE;NA;NA;NA
57;BW;FP6;8;NA;8;5;BW;Botswana;FALSE;FALSE;NA;NA;NA
58;BY;FP6;24;NA;24;23;BY;Belarus;FALSE;FALSE;NA;9480868;NA
59;BY;FP7;51;3;54;24;BY;Belarus;FALSE;FALSE;NA;9480868;NA
60;BY;H2020;10;NA;10;7;BY;Belarus;FALSE;FALSE;NA;9480868;NA
61;CA;FP7;195;1;202;99;CA;Canada;FALSE;FALSE;1398060.1;NA;NA
62;CA;FP6;120;1;121;86;CA;Canada;FALSE;FALSE;1398060.1;NA;NA
63;CA;H2020;40;NA;41;29;CA;Canada;FALSE;FALSE;1398060.1;NA;NA
64;CD;FP6;5;NA;5;5;CD;Democratic Republic of the Congo;FALSE;FALSE;NA;NA;NA
65;CD;FP7;4;NA;4;4;CD;Democratic Republic of the Congo;FALSE;FALSE;NA;NA;NA
66;CF;FP7;2;NA;2;1;CF;Central African Republic;FALSE;FALSE;NA;NA;NA
67;CG;FP6;3;NA;3;2;CG;Congo;FALSE;FALSE;NA;NA;NA
68;CG;FP7;3;NA;3;3;CG;Congo;FALSE;FALSE;NA;NA;NA
69;CH;FP6;1792;208;2000;796;CH;Switzerland;FALSE;TRUE;604509.5;8237666;73383.5894778934
70;CH;H2020;617;120;806;216;CH;Switzerland;FALSE;TRUE;604509.5;8237666;73383.5894778934
71;CH;FP7;3270;709;4693;789;CH;Switzerland;FALSE;TRUE;604509.5;8237666;73383.5894778934
72;CI;FP6;4;NA;4;4;CI;Cote d'Ivoire;FALSE;FALSE;NA;NA;NA
73;CI;FP7;5;NA;5;5;CI;Cote d'Ivoire;FALSE;FALSE;NA;NA;NA
74;CI;H2020;4;NA;4;4;CI;Cote d'Ivoire;FALSE;FALSE;NA;NA;NA
75;CL;H2020;8;NA;8;6;CL;Chile;FALSE;FALSE;NA;NA;NA
76;CL;FP6;65;1;66;43;CL;Chile;FALSE;FALSE;NA;NA;NA
77;CL;FP7;75;2;77;40;CL;Chile;FALSE;FALSE;NA;NA;NA
78;CM;H2020;1;NA;1;1;CM;Cameroon;FALSE;FALSE;NA;NA;NA
79;CM;FP6;10;1;11;9;CM;Cameroon;FALSE;FALSE;NA;NA;NA
80;CM;FP7;25;2;27;16;CM;Cameroon;FALSE;FALSE;NA;NA;NA
81;CN;FP7;349;44;393;213;CN;China;FALSE;FALSE;9704268.9;NA;NA
82;CN;H2020;59;NA;59;48;CN;China;FALSE;FALSE;9704268.9;NA;NA
83;CN;FP6;377;14;391;273;CN;China;FALSE;FALSE;9704268.9;NA;NA
84;CO;H2020;4;NA;5;5;CO;Colombia;FALSE;FALSE;NA;NA;NA
85;CO;FP6;17;NA;17;14;CO;Colombia;FALSE;FALSE;NA;NA;NA
86;CO;FP7;55;NA;55;31;CO;Colombia;FALSE;FALSE;NA;NA;NA
87;CR;FP7;23;NA;23;14;CR;Costa Rica;FALSE;FALSE;NA;NA;NA
88;CR;FP6;13;NA;13;10;CR;Costa Rica;FALSE;FALSE;NA;NA;NA
89;CR;H2020;2;NA;2;2;CR;Costa Rica;FALSE;FALSE;NA;NA;NA
90;CU;FP7;6;NA;6;4;CU;Cuba;FALSE;FALSE;NA;NA;NA
91;CU;FP6;1;NA;1;1;CU;Cuba;FALSE;FALSE;NA;NA;NA
92;CV;FP6;4;NA;4;4;CV;Cape Verde;FALSE;FALSE;NA;NA;NA
93;CV;H2020;1;NA;1;1;CV;Cape Verde;FALSE;FALSE;NA;NA;NA
94;CV;FP7;9;NA;9;5;CV;Cape Verde;FALSE;FALSE;NA;NA;NA
95;CY;FP6;208;25;233;107;CY;Cyprus;TRUE;TRUE;17420.6;847008;20567.2201443198
96;CY;FP7;384;67;471;126;CY;Cyprus;TRUE;TRUE;17420.6;847008;20567.2201443198
97;CY;H2020;142;34;181;63;CY;Cyprus;TRUE;TRUE;17420.6;847008;20567.2201443198
98;CZ;FP6;1038;38;1076;637;CZ;Czech Republic;TRUE;TRUE;166964.1;10538275;15843.5892022176
99;CZ;FP7;1262;112;1399;400;CZ;Czech Republic;TRUE;TRUE;166964.1;10538275;15843.5892022176
100;CZ;H2020;329;35;372;163;CZ;Czech Republic;TRUE;TRUE;166964.1;10538275;15843.5892022176
101;DE;FP6;9079;1439;10518;4692;DE;Germany;TRUE;TRUE;3032820;81197537;37351.1329537003
102;DE;H2020;3671;844;4750;1669;DE;Germany;TRUE;TRUE;3032820;81197537;37351.1329537003
103;DE;FP7;14403;2502;18319;3731;DE;Germany;TRUE;TRUE;3032820;81197537;37351.1329537003
104;DK;FP7;2205;437;2822;616;DK;Denmark;TRUE;TRUE;266178.7;5659715;47030.4070081267
105;DK;H2020;564;262;851;285;DK;Denmark;TRUE;TRUE;266178.7;5659715;47030.4070081267
106;DK;FP6;1512;211;1723;694;DK;Denmark;TRUE;TRUE;266178.7;5659715;47030.4070081267
107;DO;FP7;4;NA;4;3;DO;Dominican Republic;FALSE;FALSE;NA;NA;NA
108;DO;FP6;1;NA;1;1;DO;Dominican Republic;FALSE;FALSE;NA;NA;NA
109;DZ;H2020;3;NA;3;3;DZ;Algeria;FALSE;FALSE;NA;NA;NA
110;DZ;FP6;56;NA;56;48;DZ;Algeria;FALSE;FALSE;NA;NA;NA
111;DZ;FP7;36;2;38;23;DZ;Algeria;FALSE;FALSE;NA;NA;NA
112;EC;FP7;15;NA;15;11;EC;Ecuador;FALSE;FALSE;NA;NA;NA
113;EC;FP6;15;NA;15;15;EC;Ecuador;FALSE;FALSE;NA;NA;NA
114;EC;H2020;5;NA;5;5;EC;Ecuador;FALSE;FALSE;NA;NA;NA
115;EE;FP7;485;54;549;161;EE;Estonia;TRUE;TRUE;20251.7;1313271;15420.8080434274
116;EE;FP6;364;23;387;211;EE;Estonia;TRUE;TRUE;20251.7;1313271;15420.8080434274
117;EE;H2020;142;62;204;99;EE;Estonia;TRUE;TRUE;20251.7;1313271;15420.8080434274
118;EG;H2020;13;NA;13;9;EG;Egypt;FALSE;FALSE;NA;NA;NA
119;EG;FP6;91;1;92;70;EG;Egypt;FALSE;FALSE;NA;NA;NA
120;EG;FP7;116;10;126;47;EG;Egypt;FALSE;FALSE;NA;NA;NA
121;EL;FP7;3032;640;3750;639;GR;Greece;TRUE;TRUE;176022.7;10858018;16211.3103883232
122;EL;FP6;1985;347;2332;810;GR;Greece;TRUE;TRUE;176022.7;10858018;16211.3103883232
123;EL;H2020;881;158;1045;318;GR;Greece;TRUE;TRUE;176022.7;10858018;16211.3103883232
124;ES;FP7;8771;2160;11474;2673;ES;Spain;TRUE;TRUE;1075639;46449565;23157.1382853639
125;ES;FP6;4350;718;5068;2275;ES;Spain;TRUE;TRUE;1075639;46449565;23157.1382853639
126;ES;H2020;2688;994;3785;1516;ES;Spain;TRUE;TRUE;1075639;46449565;23157.1382853639
127;ET;H2020;7;NA;8;7;ET;Ethiopia;FALSE;FALSE;NA;NA;NA
128;ET;FP7;29;NA;29;18;ET;Ethiopia;FALSE;FALSE;NA;NA;NA
129;ET;FP6;15;NA;15;12;ET;Ethiopia;FALSE;FALSE;NA;NA;NA
130;FI;H2020;583;144;755;268;FI;Finland;TRUE;TRUE;209149;5471753;38223.3993383839
131;FI;FP7;2293;289;2723;520;FI;Finland;TRUE;TRUE;209149;5471753;38223.3993383839
132;FI;FP6;1285;155;1440;528;FI;Finland;TRUE;TRUE;209149;5471753;38223.3993383839
133;FJ;FP7;3;NA;3;1;FJ;Fiji;FALSE;FALSE;NA;NA;NA
134;FJ;FP6;1;NA;1;1;FJ;Fiji;FALSE;FALSE;NA;NA;NA
135;FO;FP7;13;4;17;6;FO;Faeroe Islands;FALSE;FALSE;NA;NA;NA
136;FO;H2020;5;1;6;5;FO;Faeroe Islands;FALSE;FALSE;NA;NA;NA
137;FO;FP6;2;NA;2;2;FO;Faeroe Islands;FALSE;FALSE;NA;NA;NA
138;FR;FP6;6589;1299;7888;3193;FR;France;TRUE;TRUE;2181064;66415161;32839.8511297744
139;FR;FP7;9900;2102;13245;2468;FR;France;TRUE;TRUE;2181064;66415161;32839.8511297744
140;FR;H2020;2404;661;3250;1157;FR;France;TRUE;TRUE;2181064;66415161;32839.8511297744
141;GA;FP6;7;NA;7;6;GA;Gabon;FALSE;FALSE;NA;NA;NA
142;GA;FP7;6;NA;6;3;GA;Gabon;FALSE;FALSE;NA;NA;NA
143;GE;H2020;11;NA;11;8;GE;Georgia;FALSE;FALSE;NA;3729500;NA
144;GE;FP6;26;1;27;22;GE;Georgia;FALSE;FALSE;NA;3729500;NA
145;GE;FP7;58;3;61;32;GE;Georgia;FALSE;FALSE;NA;3729500;NA
146;GF;FP7;2;NA;2;2;GF;French Guiana;FALSE;FALSE;NA;NA;NA
147;GH;FP6;18;1;19;16;GH;Ghana;FALSE;FALSE;NA;NA;NA
148;GH;FP7;52;1;54;21;GH;Ghana;FALSE;FALSE;NA;NA;NA
149;GH;H2020;9;NA;9;7;GH;Ghana;FALSE;FALSE;NA;NA;NA
150;GI;H2020;2;NA;2;1;GI;Gibraltar;FALSE;FALSE;NA;NA;NA
151;GI;FP7;2;NA;2;1;GI;Gibraltar;FALSE;FALSE;NA;NA;NA
152;GL;H2020;2;NA;2;2;GL;Greenland;FALSE;FALSE;NA;NA;NA
153;GL;FP7;6;NA;6;2;GL;Greenland;FALSE;FALSE;NA;NA;NA
154;GL;FP6;3;NA;3;3;GL;Greenland;FALSE;FALSE;NA;NA;NA
155;GM;FP6;6;NA;6;5;GM;The Gambia;FALSE;FALSE;NA;NA;NA
156;GM;FP7;1;NA;1;1;GM;The Gambia;FALSE;FALSE;NA;NA;NA
157;GN;FP7;1;NA;1;1;GN;Guinea;FALSE;FALSE;NA;NA;NA
158;GN;FP6;7;NA;7;6;GN;Guinea;FALSE;FALSE;NA;NA;NA
159;GT;FP7;7;NA;7;6;GT;Guatemala;FALSE;FALSE;NA;NA;NA
160;GT;FP6;4;NA;4;4;GT;Guatemala;FALSE;FALSE;NA;NA;NA
161;GT;H2020;2;NA;3;3;GT;Guatemala;FALSE;FALSE;NA;NA;NA
162;GW;FP6;2;NA;2;2;GW;Guinea-Bissau;FALSE;FALSE;NA;NA;NA
163;GW;FP7;1;NA;1;1;GW;Guinea-Bissau;FALSE;FALSE;NA;NA;NA
164;GY;FP7;3;NA;3;3;GY;Guyana;FALSE;FALSE;NA;NA;NA
165;HK;FP7;11;NA;11;7;HK;Hong Kong;FALSE;FALSE;NA;NA;NA
166;HK;H2020;2;NA;2;2;HK;Hong Kong;FALSE;FALSE;NA;NA;NA
167;HK;FP6;7;NA;7;5;HK;Hong Kong;FALSE;FALSE;NA;NA;NA
168;HN;FP6;2;NA;2;2;HN;Honduras;FALSE;FALSE;NA;NA;NA
169;HN;FP7;3;NA;3;3;HN;Honduras;FALSE;FALSE;NA;NA;NA
170;HR;FP6;143;9;152;108;HR;Croatia;TRUE;TRUE;43897;4225316;10389.0454583752
171;HR;FP7;365;40;410;171;HR;Croatia;TRUE;TRUE;43897;4225316;10389.0454583752
172;HR;H2020;143;16;160;93;HR;Croatia;TRUE;TRUE;43897;4225316;10389.0454583752
173;HT;FP7;2;NA;2;2;HT;Haiti;FALSE;FALSE;NA;NA;NA
174;HU;FP6;1080;111;1191;659;HU;Hungary;TRUE;TRUE;108747.9;9855571;11034.1552001401
175;HU;FP7;1375;173;1630;404;HU;Hungary;TRUE;TRUE;108747.9;9855571;11034.1552001401
176;HU;H2020;278;61;350;186;HU;Hungary;TRUE;TRUE;108747.9;9855571;11034.1552001401
177;ID;H2020;2;NA;2;2;ID;Indonesia;FALSE;FALSE;NA;NA;NA
178;ID;FP6;27;NA;27;20;ID;Indonesia;FALSE;FALSE;NA;NA;NA
179;ID;FP7;30;NA;30;18;ID;Indonesia;FALSE;FALSE;NA;NA;NA
180;IE;FP6;735;171;906;400;IE;Ireland;TRUE;TRUE;255815.2;4628949;55264.207922792
181;IE;H2020;423;195;635;219;IE;Ireland;TRUE;TRUE;255815.2;4628949;55264.207922792
182;IE;FP7;1477;421;1981;438;IE;Ireland;TRUE;TRUE;255815.2;4628949;55264.207922792
183;IL;FP6;631;118;749;301;IL;Israel;FALSE;FALSE;266792.8;NA;NA
184;IL;H2020;260;137;468;169;IL;Israel;FALSE;FALSE;266792.8;NA;NA
185;IL;FP7;1151;534;2204;296;IL;Israel;FALSE;FALSE;266792.8;NA;NA
186;IN;FP6;133;9;142;100;IN;India;FALSE;FALSE;NA;NA;NA
187;IN;H2020;12;NA;12;12;IN;India;FALSE;FALSE;NA;NA;NA
188;IN;FP7;268;18;289;161;IN;India;FALSE;FALSE;NA;NA;NA
189;IQ;H2020;3;NA;3;2;IQ;Iraq;FALSE;FALSE;NA;NA;NA
190;IQ;FP6;2;NA;2;1;IQ;Iraq;FALSE;FALSE;NA;NA;NA
191;IR;H2020;1;NA;1;1;IR;Iran;FALSE;FALSE;NA;NA;NA
192;IR;FP7;3;1;4;4;IR;Iran;FALSE;FALSE;NA;NA;NA
193;IR;FP6;3;NA;3;3;IR;Iran;FALSE;FALSE;NA;NA;NA
194;IS;H2020;52;18;71;32;IS;Iceland;FALSE;TRUE;15130.2;329100;45974.4758432088
195;IS;FP7;219;46;267;70;IS;Iceland;FALSE;TRUE;15130.2;329100;45974.4758432088
196;IS;FP6;114;19;133;84;IS;Iceland;FALSE;TRUE;15130.2;329100;45974.4758432088
197;IT;FP6;5705;914;6619;2969;IT;Italy;TRUE;TRUE;1636371.7;60795612;26915.9507761843
198;IT;H2020;2626;724;3442;1389;IT;Italy;TRUE;TRUE;1636371.7;60795612;26915.9507761843
199;IT;FP7;9694;1689;11991;2521;IT;Italy;TRUE;TRUE;1636371.7;60795612;26915.9507761843
200;JE;H2020;1;NA;1;1;JE;Jersey;FALSE;FALSE;NA;NA;NA
201;JM;H2020;2;NA;2;1;JM;Jamaica;FALSE;FALSE;NA;NA;NA
202;JM;FP7;6;NA;6;3;JM;Jamaica;FALSE;FALSE;NA;NA;NA
203;JM;FP6;1;NA;1;1;JM;Jamaica;FALSE;FALSE;NA;NA;NA
204;JO;FP7;41;9;50;27;JO;Jordan;FALSE;FALSE;NA;NA;NA
205;JO;H2020;4;NA;4;4;JO;Jordan;FALSE;FALSE;NA;NA;NA
206;JO;FP6;50;NA;50;27;JO;Jordan;FALSE;FALSE;NA;NA;NA
207;JP;FP6;27;NA;27;24;JP;Japan;FALSE;FALSE;3715998.1;NA;NA
208;JP;FP7;114;2;117;58;JP;Japan;FALSE;FALSE;3715998.1;NA;NA
209;JP;H2020;14;NA;14;11;JP;Japan;FALSE;FALSE;3715998.1;NA;NA
210;KE;FP7;72;3;77;37;KE;Kenya;FALSE;FALSE;NA;NA;NA
211;KE;FP6;41;2;43;31;KE;Kenya;FALSE;FALSE;NA;NA;NA
212;KE;H2020;24;NA;24;21;KE;Kenya;FALSE;FALSE;NA;NA;NA
213;KG;FP7;12;NA;12;9;KG;Kyrgyzstan;FALSE;FALSE;NA;NA;NA
214;KG;H2020;2;NA;2;2;KG;Kyrgyzstan;FALSE;FALSE;NA;NA;NA
215;KG;FP6;8;1;9;8;KG;Kyrgyzstan;FALSE;FALSE;NA;NA;NA
216;KH;FP7;9;1;10;9;KH;Cambodia;FALSE;FALSE;NA;NA;NA
217;KH;FP6;7;NA;7;6;KH;Cambodia;FALSE;FALSE;NA;NA;NA
218;KR;H2020;14;NA;15;12;KR;South Korea;FALSE;FALSE;1240383.6;NA;NA
219;KR;FP6;18;NA;18;12;KR;South Korea;FALSE;FALSE;1240383.6;NA;NA
220;KR;FP7;67;2;69;31;KR;South Korea;FALSE;FALSE;1240383.6;NA;NA
221;KW;FP7;2;NA;2;1;KW;Kuwait;FALSE;FALSE;NA;NA;NA
222;KY;FP6;1;NA;1;1;KY;Cayman Islands;FALSE;FALSE;NA;NA;NA
223;KZ;H2020;1;NA;1;1;KZ;Kazakhstan;FALSE;FALSE;NA;NA;NA
224;KZ;FP7;35;NA;35;26;KZ;Kazakhstan;FALSE;FALSE;NA;NA;NA
225;KZ;FP6;18;1;19;17;KZ;Kazakhstan;FALSE;FALSE;NA;NA;NA
226;LA;FP7;6;NA;6;4;LA;Laos;FALSE;FALSE;NA;NA;NA
227;LA;FP6;2;NA;2;2;LA;Laos;FALSE;FALSE;NA;NA;NA
228;LB;FP6;51;NA;51;34;LB;Lebanon;FALSE;FALSE;NA;NA;NA
229;LB;H2020;7;NA;7;5;LB;Lebanon;FALSE;FALSE;NA;NA;NA
230;LB;FP7;24;2;27;13;LB;Lebanon;FALSE;FALSE;NA;NA;NA
231;LI;FP6;5;NA;5;5;LI;Liechtenstein;FALSE;FALSE;NA;37366;NA
232;LI;H2020;1;NA;1;1;LI;Liechtenstein;FALSE;FALSE;NA;37366;NA
233;LI;FP7;11;2;13;10;LI;Liechtenstein;FALSE;FALSE;NA;37366;NA
234;LK;FP6;3;NA;3;3;LK;Sri Lanka;FALSE;FALSE;NA;NA;NA
235;LK;H2020;4;NA;4;4;LK;Sri Lanka;FALSE;FALSE;NA;NA;NA
236;LK;FP7;10;NA;10;5;LK;Sri Lanka;FALSE;FALSE;NA;NA;NA
237;LR;H2020;1;NA;1;1;LR;Liberia;FALSE;FALSE;NA;NA;NA
238;LS;FP7;4;NA;4;1;LS;Lesotho;FALSE;FALSE;NA;NA;NA
239;LT;H2020;105;22;127;71;LT;Lithuania;TRUE;TRUE;37123.6;2921262;12708.0693207251
240;LT;FP6;323;21;344;198;LT;Lithuania;TRUE;TRUE;37123.6;2921262;12708.0693207251
241;LT;FP7;388;28;416;146;LT;Lithuania;TRUE;TRUE;37123.6;2921262;12708.0693207251
242;LU;H2020;106;20;128;58;LU;Luxembourg;TRUE;TRUE;52112.5;562958;92569.0726484036
243;LU;FP6;97;14;111;73;LU;Luxembourg;TRUE;TRUE;52112.5;562958;92569.0726484036
244;LU;FP7;211;31;244;71;LU;Luxembourg;TRUE;TRUE;52112.5;562958;92569.0726484036
245;LV;FP6;209;10;219;125;LV;Latvia;TRUE;TRUE;24377.7;1986096;12274.1801000556
246;LV;H2020;94;15;109;58;LV;Latvia;TRUE;TRUE;24377.7;1986096;12274.1801000556
247;LV;FP7;303;28;333;98;LV;Latvia;TRUE;TRUE;24377.7;1986096;12274.1801000556
248;LY;H2020;1;NA;1;1;LY;Libya;FALSE;FALSE;NA;NA;NA
249;LY;FP7;1;1;2;2;LY;Libya;FALSE;FALSE;NA;NA;NA
250;MA;H2020;15;NA;15;13;MA;Morocco;FALSE;FALSE;NA;NA;NA
251;MA;FP6;125;1;126;97;MA;Morocco;FALSE;FALSE;NA;NA;NA
252;MA;FP7;123;4;127;51;MA;Morocco;FALSE;FALSE;NA;NA;NA
253;MC;FP7;3;1;4;2;MC;Monaco;FALSE;FALSE;NA;NA;NA
254;MD;FP6;17;NA;17;15;MD;Moldova;FALSE;FALSE;NA;3555159;NA
255;MD;H2020;15;1;16;7;MD;Moldova;FALSE;FALSE;NA;3555159;NA
256;MD;FP7;54;8;62;29;MD;Moldova;FALSE;FALSE;NA;3555159;NA
257;ME;FP7;42;9;51;13;ME;Montenegro;FALSE;FALSE;NA;622099;NA
258;ME;H2020;9;2;11;9;ME;Montenegro;FALSE;FALSE;NA;622099;NA
259;ME;FP6;1;NA;1;1;ME;Montenegro;FALSE;FALSE;NA;622099;NA
260;MG;H2020;1;NA;1;1;MG;Madagascar;FALSE;FALSE;NA;NA;NA
261;MG;FP6;2;NA;2;2;MG;Madagascar;FALSE;FALSE;NA;NA;NA
262;MG;FP7;6;NA;6;4;MG;Madagascar;FALSE;FALSE;NA;NA;NA
263;MH;FP7;1;NA;1;1;MH;Marshall Islands;FALSE;FALSE;NA;NA;NA
264;MK;FP7;84;14;99;43;NULL;Former Yugoslav Republic of Macedonia;FALSE;FALSE;9091.7;2069172;4393.88315712759
265;MK;H2020;22;2;24;18;NULL;Former Yugoslav Republic of Macedonia;FALSE;FALSE;9091.7;2069172;4393.88315712759
266;MK;FP6;5;NA;5;5;NULL;Former Yugoslav Republic of Macedonia;FALSE;FALSE;9091.7;2069172;4393.88315712759
267;ML;FP6;18;NA;18;13;ML;Mali;FALSE;FALSE;NA;NA;NA
268;ML;FP7;18;NA;19;11;ML;Mali;FALSE;FALSE;NA;NA;NA
269;ML;H2020;1;NA;1;1;ML;Mali;FALSE;FALSE;NA;NA;NA
270;MM;FP7;1;NA;1;1;MM;Myanmar/Burma;FALSE;FALSE;NA;NA;NA
271;MO;FP7;2;NA;2;1;MO;Macao;FALSE;FALSE;NA;NA;NA
272;MR;FP7;1;NA;1;1;MR;Mauritania;FALSE;FALSE;NA;NA;NA
273;MR;FP6;2;NA;2;1;MR;Mauritania;FALSE;FALSE;NA;NA;NA
274;MT;FP6;124;7;131;63;MT;Malta;TRUE;TRUE;8788.4;429344;20469.3672206902
275;MT;H2020;49;6;56;28;MT;Malta;TRUE;TRUE;8788.4;429344;20469.3672206902
276;MT;FP7;165;23;191;51;MT;Malta;TRUE;TRUE;8788.4;429344;20469.3672206902
277;MU;FP7;6;NA;6;4;MU;Mauritius;FALSE;FALSE;NA;NA;NA
278;MV;FP7;2;NA;2;2;MV;Maldives;FALSE;FALSE;NA;NA;NA
279;MW;FP6;7;NA;7;6;MW;Malawi;FALSE;FALSE;NA;NA;NA
280;MW;H2020;3;NA;3;2;MW;Malawi;FALSE;FALSE;NA;NA;NA
281;MW;FP7;17;NA;17;9;MW;Malawi;FALSE;FALSE;NA;NA;NA
282;MX;H2020;8;NA;8;7;MX;Mexico;FALSE;FALSE;1026272.1;NA;NA
283;MX;FP6;57;2;59;45;MX;Mexico;FALSE;FALSE;1026272.1;NA;NA
284;MX;FP7;118;5;124;62;MX;Mexico;FALSE;FALSE;1026272.1;NA;NA
285;MY;H2020;2;NA;2;2;MY;Malaysia;FALSE;FALSE;NA;NA;NA
286;MY;FP7;34;NA;34;17;MY;Malaysia;FALSE;FALSE;NA;NA;NA
287;MY;FP6;16;NA;16;10;MY;Malaysia;FALSE;FALSE;NA;NA;NA
288;MZ;FP7;25;NA;25;9;MZ;Mozambique;FALSE;FALSE;NA;NA;NA
289;MZ;H2020;4;NA;4;3;MZ;Mozambique;FALSE;FALSE;NA;NA;NA
290;MZ;FP6;11;NA;11;8;MZ;Mozambique;FALSE;FALSE;NA;NA;NA
291;NC;FP6;2;NA;2;2;NC;New Caledonia;FALSE;FALSE;NA;NA;NA
292;NC;FP7;5;1;6;3;NC;New Caledonia;FALSE;FALSE;NA;NA;NA
293;NE;FP6;15;NA;15;14;NE;Niger;FALSE;FALSE;NA;NA;NA
294;NE;FP7;9;NA;10;6;NE;Niger;FALSE;FALSE;NA;NA;NA
295;NF;FP6;1;NA;1;1;NF;Norfolk Island;FALSE;FALSE;NA;NA;NA
296;NG;FP6;4;NA;4;4;NG;Nigeria;FALSE;FALSE;NA;NA;NA
297;NG;FP7;28;1;31;25;NG;Nigeria;FALSE;FALSE;NA;NA;NA
298;NG;H2020;3;NA;3;3;NG;Nigeria;FALSE;FALSE;NA;NA;NA
299;NI;FP6;6;NA;6;6;NI;Nicaragua;FALSE;FALSE;NA;NA;NA
300;NI;FP7;5;NA;5;4;NI;Nicaragua;FALSE;FALSE;NA;NA;NA
301;NL;H2020;1685;512;2339;786;NL;Netherlands;TRUE;TRUE;676531;16900726;40029.7004992567
302;NL;FP6;3431;662;4093;1643;NL;Netherlands;TRUE;TRUE;676531;16900726;40029.7004992567
303;NL;FP7;6210;1252;8306;1542;NL;Netherlands;TRUE;TRUE;676531;16900726;40029.7004992567
304;NO;FP6;1147;143;1290;596;NO;Norway;FALSE;TRUE;348332.1;5166493;67421.3823574328
305;NO;H2020;411;112;535;209;NO;Norway;FALSE;TRUE;348332.1;5166493;67421.3823574328
306;NO;FP7;1833;312;2240;531;NO;Norway;FALSE;TRUE;348332.1;5166493;67421.3823574328
307;NP;H2020;2;NA;2;2;NP;Nepal;FALSE;FALSE;NA;NA;NA
308;NP;FP7;5;NA;5;4;NP;Nepal;FALSE;FALSE;NA;NA;NA
309;NP;FP6;10;NA;10;7;NP;Nepal;FALSE;FALSE;NA;NA;NA
310;NZ;H2020;4;NA;4;4;NZ;New Zealand;FALSE;FALSE;156408.7;NA;NA
311;NZ;FP7;46;3;51;20;NZ;New Zealand;FALSE;FALSE;156408.7;NA;NA
312;NZ;FP6;27;NA;27;18;NZ;New Zealand;FALSE;FALSE;156408.7;NA;NA
313;OM;FP7;5;NA;5;3;OM;Oman;FALSE;FALSE;NA;NA;NA
314;PA;FP7;6;NA;6;5;PA;Panama;FALSE;FALSE;NA;NA;NA
315;PA;FP6;1;NA;1;1;PA;Panama;FALSE;FALSE;NA;NA;NA
316;PE;FP7;31;NA;31;24;PE;Peru;FALSE;FALSE;NA;NA;NA
317;PE;FP6;28;NA;28;25;PE;Peru;FALSE;FALSE;NA;NA;NA
318;PE;H2020;5;NA;5;4;PE;Peru;FALSE;FALSE;NA;NA;NA
319;PF;FP7;2;NA;2;1;PF;French Polynesia;FALSE;FALSE;NA;NA;NA
320;PF;FP6;1;NA;1;1;PF;French Polynesia;FALSE;FALSE;NA;NA;NA
321;PG;FP7;4;NA;4;3;PG;Papua New Guinea;FALSE;FALSE;NA;NA;NA
322;PH;FP7;29;NA;29;16;PH;Philippines;FALSE;FALSE;NA;NA;NA
323;PH;FP6;17;NA;17;14;PH;Philippines;FALSE;FALSE;NA;NA;NA
324;PH;H2020;1;NA;1;1;PH;Philippines;FALSE;FALSE;NA;NA;NA
325;PK;H2020;4;NA;4;4;PK;Pakistan;FALSE;FALSE;NA;NA;NA
326;PK;FP7;6;NA;6;6;PK;Pakistan;FALSE;FALSE;NA;NA;NA
327;PK;FP6;9;1;10;7;PK;Pakistan;FALSE;FALSE;NA;NA;NA
328;PL;FP7;1941;224;2201;608;PL;Poland;TRUE;TRUE;427737.4;38005614;11254.5846516254
329;PL;FP6;1704;197;1901;1044;PL;Poland;TRUE;TRUE;427737.4;38005614;11254.5846516254
330;PL;H2020;502;91;594;318;PL;Poland;TRUE;TRUE;427737.4;38005614;11254.5846516254
331;PS;H2020;4;NA;4;4;PS;Palestine;FALSE;FALSE;NA;NA;NA
332;PS;FP6;21;NA;21;17;PS;Palestine;FALSE;FALSE;NA;NA;NA
333;PS;FP7;19;5;24;14;PS;Palestine;FALSE;FALSE;NA;NA;NA
334;PT;FP6;1063;107;1170;652;PT;Portugal;TRUE;TRUE;179539.9;10374822;17305.3475037933
335;PT;FP7;1999;308;2385;567;PT;Portugal;TRUE;TRUE;179539.9;10374822;17305.3475037933
336;PT;H2020;659;139;820;325;PT;Portugal;TRUE;TRUE;179539.9;10374822;17305.3475037933
337;PY;FP6;7;1;8;6;PY;Paraguay;FALSE;FALSE;NA;NA;NA
338;QA;H2020;1;NA;1;1;QA;Qatar;FALSE;FALSE;NA;NA;NA
339;QA;FP7;2;NA;2;1;QA;Qatar;FALSE;FALSE;NA;NA;NA
340;RO;FP6;565;44;609;435;RO;Romania;TRUE;TRUE;160352.8;19870647;8069.83285446115
341;RO;FP7;1009;62;1072;383;RO;Romania;TRUE;TRUE;160352.8;19870647;8069.83285446115
342;RO;H2020;315;28;344;200;RO;Romania;TRUE;TRUE;160352.8;19870647;8069.83285446115
343;RS;FP7;277;42;319;136;RS;Serbia;FALSE;FALSE;32907.7;7114393;4625.51056709968
344;RS;H2020;113;16;130;79;RS;Serbia;FALSE;FALSE;32907.7;7114393;4625.51056709968
345;RS;FP6;13;NA;13;11;RS;Serbia;FALSE;FALSE;32907.7;7114393;4625.51056709968
346;RU;FP6;438;26;464;393;RU;Russia;FALSE;FALSE;1187041.8;NA;NA
347;RU;FP7;539;22;562;296;RU;Russia;FALSE;FALSE;1187041.8;NA;NA
348;RU;H2020;31;NA;31;25;RU;Russia;FALSE;FALSE;1187041.8;NA;NA
349;RW;FP6;1;NA;1;1;RW;Rwanda;FALSE;FALSE;NA;NA;NA
350;RW;FP7;9;NA;9;5;RW;Rwanda;FALSE;FALSE;NA;NA;NA
351;RW;H2020;2;NA;2;2;RW;Rwanda;FALSE;FALSE;NA;NA;NA
352;SA;FP7;5;NA;5;2;SA;Saudi Arabia;FALSE;FALSE;NA;NA;NA
353;SA;FP6;1;NA;1;1;SA;Saudi Arabia;FALSE;FALSE;NA;NA;NA
354;SC;FP7;2;NA;2;1;SC;Seychelles;FALSE;FALSE;NA;NA;NA
355;SC;FP6;1;NA;1;1;SC;Seychelles;FALSE;FALSE;NA;NA;NA
356;SD;FP7;8;NA;8;5;SD;Sudan;FALSE;FALSE;NA;NA;NA
357;SD;FP6;5;NA;5;5;SD;Sudan;FALSE;FALSE;NA;NA;NA
358;SE;FP6;2334;329;2663;950;SE;Sweden;TRUE;TRUE;446945.7;9747355;45853.0237177162
359;SE;FP7;3720;568;4635;881;SE;Sweden;TRUE;TRUE;446945.7;9747355;45853.0237177162
360;SE;H2020;816;202;1045;371;SE;Sweden;TRUE;TRUE;446945.7;9747355;45853.0237177162
361;SG;FP7;25;NA;26;10;SG;Singapore;FALSE;FALSE;NA;NA;NA
362;SG;FP6;23;NA;23;13;SG;Singapore;FALSE;FALSE;NA;NA;NA
363;SG;H2020;1;NA;2;1;SG;Singapore;FALSE;FALSE;NA;NA;NA
364;SI;FP6;587;31;618;331;SI;Slovenia;TRUE;TRUE;38570;2062874;18697.2156321714
365;SI;FP7;866;56;927;267;SI;Slovenia;TRUE;TRUE;38570;2062874;18697.2156321714
366;SI;H2020;269;59;330;161;SI;Slovenia;TRUE;TRUE;38570;2062874;18697.2156321714
367;SK;FP6;410;31;441;276;SK;Slovakia;TRUE;TRUE;78070.8;5421349;14400.6224281078
368;SK;H2020;142;25;168;103;SK;Slovakia;TRUE;TRUE;78070.8;5421349;14400.6224281078
369;SK;FP7;436;40;478;195;SK;Slovakia;TRUE;TRUE;78070.8;5421349;14400.6224281078
370;SM;FP7;1;NA;1;1;SM;San Marino;FALSE;FALSE;NA;NA;NA
371;SM;FP6;1;NA;1;1;SM;San Marino;FALSE;FALSE;NA;NA;NA
372;SN;FP7;44;1;46;18;SN;Senegal;FALSE;FALSE;NA;NA;NA
373;SN;H2020;8;NA;8;7;SN;Senegal;FALSE;FALSE;NA;NA;NA
374;SN;FP6;38;NA;38;31;SN;Senegal;FALSE;FALSE;NA;NA;NA
375;SO;FP7;1;NA;1;1;SO;Somalia;FALSE;FALSE;NA;NA;NA
376;SR;FP7;1;NA;1;1;SR;Suriname;FALSE;FALSE;NA;NA;NA
377;SR;FP6;4;NA;4;4;SR;Suriname;FALSE;FALSE;NA;NA;NA
378;SV;FP6;6;NA;6;6;SV;El Salvador;FALSE;FALSE;NA;NA;NA
379;SV;FP7;1;NA;1;1;SV;El Salvador;FALSE;FALSE;NA;NA;NA
380;SY;FP7;14;1;15;7;SY;Syria;FALSE;FALSE;NA;NA;NA
381;SY;FP6;23;NA;23;18;SY;Syria;FALSE;FALSE;NA;NA;NA
382;SZ;FP7;3;NA;3;2;SZ;Swaziland;FALSE;FALSE;NA;NA;NA
383;TD;FP6;1;NA;1;1;TD;Chad;FALSE;FALSE;NA;NA;NA
384;TG;FP6;1;NA;1;1;TG;Togo;FALSE;FALSE;NA;NA;NA
385;TG;H2020;1;NA;1;1;TG;Togo;FALSE;FALSE;NA;NA;NA
386;TG;FP7;2;NA;2;2;TG;Togo;FALSE;FALSE;NA;NA;NA
387;TH;FP7;46;2;48;19;TH;Thailand;FALSE;FALSE;NA;NA;NA
388;TH;FP6;38;NA;38;25;TH;Thailand;FALSE;FALSE;NA;NA;NA
389;TH;H2020;3;NA;3;3;TH;Thailand;FALSE;FALSE;NA;NA;NA
390;TJ;FP7;7;NA;7;6;TJ;Tajikistan;FALSE;FALSE;NA;NA;NA
391;TJ;FP6;5;NA;5;5;TJ;Tajikistan;FALSE;FALSE;NA;NA;NA
392;TM;FP7;4;NA;4;3;TM;Turkmenistan;FALSE;FALSE;NA;NA;NA
393;TM;FP6;3;NA;3;3;TM;Turkmenistan;FALSE;FALSE;NA;NA;NA
394;TN;H2020;12;NA;12;12;TN;Tunisia;FALSE;FALSE;NA;NA;NA
395;TN;FP7;97;7;104;53;TN;Tunisia;FALSE;FALSE;NA;NA;NA
396;TN;FP6;109;2;111;78;TN;Tunisia;FALSE;FALSE;NA;NA;NA
397;TR;H2020;196;52;258;143;TR;Turkey;FALSE;FALSE;645393.6;77695904;8306.66182865959
398;TR;FP7;925;278;1217;330;TR;Turkey;FALSE;FALSE;645393.6;77695904;8306.66182865959
399;TR;FP6;402;66;468;256;TR;Turkey;FALSE;FALSE;645393.6;77695904;8306.66182865959
400;TT;FP6;2;NA;2;2;TT;Trinidad and Tobago;FALSE;FALSE;NA;NA;NA
401;TT;FP7;2;NA;2;2;TT;Trinidad and Tobago;FALSE;FALSE;NA;NA;NA
402;TW;FP7;40;NA;40;21;TW;Taiwan;FALSE;FALSE;NA;NA;NA
403;TW;FP6;11;NA;11;11;TW;Taiwan;FALSE;FALSE;NA;NA;NA
404;TW;H2020;17;NA;17;7;TW;Taiwan;FALSE;FALSE;NA;NA;NA
405;TZ;FP7;52;NA;52;19;TZ;Tanzania;FALSE;FALSE;NA;NA;NA
406;TZ;H2020;8;NA;8;8;TZ;Tanzania;FALSE;FALSE;NA;NA;NA
407;TZ;FP6;29;NA;29;23;TZ;Tanzania;FALSE;FALSE;NA;NA;NA
408;UA;FP6;108;1;109;98;UA;Ukraine;FALSE;FALSE;NA;42759661;NA
409;UA;FP7;198;17;215;129;UA;Ukraine;FALSE;FALSE;NA;42759661;NA
410;UA;H2020;42;3;45;37;UA;Ukraine;FALSE;FALSE;NA;42759661;NA
411;UG;FP7;43;1;44;17;UG;Uganda;FALSE;FALSE;NA;NA;NA
412;UG;FP6;28;NA;28;18;UG;Uganda;FALSE;FALSE;NA;NA;NA
413;UG;H2020;10;NA;10;6;UG;Uganda;FALSE;FALSE;NA;NA;NA
414;UK;FP7;11972;4171;18389;2885;GB;United Kingdom;TRUE;TRUE;2575719.2;64875165;39702.6997927481
415;UK;FP6;7120;1707;8827;2707;GB;United Kingdom;TRUE;TRUE;2575719.2;64875165;39702.6997927481
416;UK;H2020;2965;1522;4793;1352;GB;United Kingdom;TRUE;TRUE;2575719.2;64875165;39702.6997927481
417;US;FP6;385;NA;385;273;US;United States;FALSE;FALSE;NA;NA;NA
418;US;FP7;496;2;514;285;US;United States;FALSE;FALSE;NA;NA;NA
419;US;H2020;76;NA;82;70;US;United States;FALSE;FALSE;NA;NA;NA
420;UY;FP7;31;2;33;11;UY;Uruguay;FALSE;FALSE;NA;NA;NA
421;UY;FP6;23;2;25;15;UY;Uruguay;FALSE;FALSE;NA;NA;NA
422;UY;H2020;5;1;6;3;UY;Uruguay;FALSE;FALSE;NA;NA;NA
423;UZ;FP6;13;3;16;15;UZ;Uzbekistan;FALSE;FALSE;NA;NA;NA
424;UZ;FP7;15;1;16;12;UZ;Uzbekistan;FALSE;FALSE;NA;NA;NA
425;VA;FP6;1;NA;1;1;VA;Holy See/Vatican City;FALSE;FALSE;NA;NA;NA
426;VE;FP7;7;NA;7;6;VE;Venezuela;FALSE;FALSE;NA;NA;NA
427;VE;FP6;11;NA;11;11;VE;Venezuela;FALSE;FALSE;NA;NA;NA
428;VG;H2020;1;NA;1;1;VG;British Virgin Islands;FALSE;FALSE;NA;NA;NA
429;VG;FP7;1;NA;1;1;VG;British Virgin Islands;FALSE;FALSE;NA;NA;NA
430;VN;FP7;43;NA;44;35;VN;Vietnam;FALSE;FALSE;NA;NA;NA
431;VN;FP6;23;NA;23;19;VN;Vietnam;FALSE;FALSE;NA;NA;NA
432;VN;H2020;5;NA;5;4;VN;Vietnam;FALSE;FALSE;NA;NA;NA
433;VU;FP7;1;NA;1;1;VU;Vanuatu;FALSE;FALSE;NA;NA;NA
434;WS;FP7;1;NA;1;1;WS;Samoa;FALSE;FALSE;NA;NA;NA
435;XK;H2020;6;NA;6;5;NULL;Kosovo;FALSE;FALSE;NA;NA;NA
436;XK;FP7;2;NA;2;2;NULL;Kosovo;FALSE;FALSE;NA;NA;NA
437;YE;H2020;1;NA;1;1;YE;Yemen;FALSE;FALSE;NA;NA;NA
438;YE;FP7;2;NA;2;1;YE;Yemen;FALSE;FALSE;NA;NA;NA
439;ZA;FP6;135;2;137;63;ZA;South Africa;FALSE;FALSE;NA;NA;NA
440;ZA;FP7;237;4;241;72;ZA;South Africa;FALSE;FALSE;NA;NA;NA
441;ZA;H2020;59;1;60;28;ZA;South Africa;FALSE;FALSE;NA;NA;NA
442;ZM;H2020;4;NA;4;4;ZM;Zambia;FALSE;FALSE;NA;NA;NA
443;ZM;FP6;12;NA;12;9;ZM;Zambia;FALSE;FALSE;NA;NA;NA
444;ZM;FP7;9;NA;9;6;ZM;Zambia;FALSE;FALSE;NA;NA;NA
445;ZW;FP6;7;NA;7;4;ZW;Zimbabwe;FALSE;FALSE;NA;NA;NA
446;ZW;FP7;2;NA;2;2;ZW;Zimbabwe;FALSE;FALSE;NA;NA;NA
